,info_brand,info_name,info_money,info_store,info_commit
0,天语（K-Touch）,天语（K-Touch）V6 翻盖老人手机 超长待机 移动/联通2G 双卡双待 大字大声老年机 一键操作功能机 红色,189,天语手机京东自营官方旗舰店,2万+
1,荣耀（HONOR）,荣耀8X Max 7.12英寸90%屏占比珍珠屏  4GB+64GB 幻夜黑 移动联通电信4G全面屏手机 双卡双待,1499,荣耀京东自营旗舰店,40万+
2,飞利浦（PHILIPS ）,飞利浦 PHILIPS E256S 炫酷红双屏翻盖 大屏大字移动联通2G 双卡双待 老人手机 老年手机学生备用功能机,288,没有找到店铺 - -！,6万+
3,Apple,"京品手机	
Apple iPhone XR (A2108) 128GB 白色 移动联通电信4G手机 双卡双待",4499,Apple产品京东自营旗舰店,200万+
4,飞利浦（PHILIPS ）,飞利浦 PHILIPS E256S 陨石黑双屏翻盖大屏大字移动联通2G 双卡双待 老人手机 老年手机学生备用功能机,288,没有找到店铺 - -！,10万+
5,魅族（meizu）,魅族 16 X  AI双摄拍照手机 6GB+64GB 砚墨黑 骁龙710 全网通4G游戏智能 双卡双待,1199,魅族京东自营旗舰店,10万+
6,飞利浦（PHILIPS ）,飞利浦（PHILIPS）E171L 海军蓝 直板按键 移动/联通2G 老人手机 老年功能机,198,飞利浦手机京东自营旗舰店,1000+
7,飞利浦（PHILIPS ）,飞利浦 PHILIPS E259S 陨石黑 双屏翻盖 大屏大字 长待机 移动联通2G 老人手机老年手机 学生备用功能机,299,没有找到店铺 - -！,3万+
8,天语（K-Touch）,天语（K-Touch）V6C 电信2G翻盖老人手机 超长待机 内外双屏老年手机 一键操作备用机 红色,209,天语手机京东自营官方旗舰店,2万+
9,魅族（meizu）,魅族 X8 拍照游戏智能手机 6GB+64GB 亮黑 AI美颜 骁龙710 全网通4G双卡双待,1099,魅族京东自营旗舰店,10万+
10,荣耀（honor）,"京品手机	
荣耀Magic2魔法手机 麒麟980AI智能芯片 超广角AI三摄 8GB+128GB 渐变黑 移动联通电信4G手机 双卡双待",4299,荣耀京东自营旗舰店,20万+
11,守护宝,守护宝（上海中兴易联）K188  暮光黑 联通4G 直板按键 超长待机 老人手机 学生备用功能机,269,守护宝手机京东自营旗舰店,5000+
12,荣耀（HONOR）,"京品手机	
荣耀畅玩8C两天一充 莱茵护眼 刘海屏 全网通版4GB+32GB 星云紫 移动联通电信4G全面屏手机 双卡双待",899,荣耀京东自营旗舰店,70万+
13,飞利浦（PHILIPS ）,飞利浦（PHILIPS）E108 炫丽红 直板按键 移动联通2G 双卡双待 老人手机 老年功能机 学生机备机,109,飞利浦手机京东自营旗舰店,2万+
14,荣耀（HONOR）,"京品手机	
荣耀Magic2魔法手机 麒麟980AI智能芯片 超广角AI三摄 6GB+128GB 渐变红 移动联通电信4G手机 双卡双待",2299,荣耀京东自营旗舰店,20万+
15,飞利浦（PHILIPS ）,飞利浦（PHILIPS）E107 移动联通 老人手机 老年功能机绚丽红,109,飞利浦手机京东自营旗舰店,6万+
16,荣耀（HONOR）,荣耀10青春版 幻彩渐变 2400万AI自拍 全网通版4GB+64GB 渐变蓝 移动联通电信4G全面屏手机,999,荣耀京东自营旗舰店,100万+
17,飞利浦（PHILIPS ）,飞利浦（PHILIPS）E108 陨石黑 直板按键 移动联通2G 双卡双待 老人手机 老年功能机 学生机备机 儿童手机,109,飞利浦手机京东自营旗舰店,6万+
18,飞利浦（PHILIPS ）,飞利浦（PHILIPS）E125 富贵红 移动联通2G 老人手机 双卡双待 超长待机 老年手机 学生备用功能机儿童手机,119,飞利浦手机京东自营旗舰店,2万+
19,飞利浦（PHILIPS ）,飞利浦（PHILIPS）E125 海军蓝 移动联通2G 老人手机 双卡双待 超长待机 老年手机 学生备用功能机儿童手机,119,飞利浦手机京东自营旗舰店,2万+
20,飞利浦（PHILIPS ）,飞利浦（PHILIPS）E331K 古铜棕 按键 老年手机 移动联通2G 双卡双待 老人手机 学生备用功能机 儿童手机,199,飞利浦手机京东自营旗舰店,2万+
21,酷派（Coolpad）,酷派（Coolpad） V18翻盖电信2g 老人手机桃色,189,酷派京东自营旗舰店,1万+
22,飞利浦（PHILIPS ）,飞利浦（PHILIPS）E218L 炫舞红 翻盖老人手机 移动联通2G 双卡双待大字大声老年机 学生备用功能机,279,飞利浦手机京东自营旗舰店,7万+
23,OPPO,【音箱套装】OPPO A5 全面屏拍照手机 3GB+64GB 幻镜蓝 全网通 移动联通电信4G 双卡双待手机,1349,OPPO京东自营官方旗舰店,4万+
24,荣耀（honor）,荣耀10青春版 幻彩渐变 2400万AI自拍 全网通版6GB+64GB 渐变蓝 移动联通电信4G全面屏手机 双卡双待,1199,荣耀京东自营旗舰店,100万+
25,纽曼（Newman）,纽曼（Newman）R15 星空黑 学生手机 卡片手机 移动2G 超薄迷你儿童小手机 备用机非智能戒网手机 老人手机,163,纽曼京东自营官方旗舰店,8万+
26,三星（SAMSUNG）,三星领世旗舰8 4GB+64GB 黑色（SM-G9298）翻盖智能商务手机 4.2英寸双屏 无线充电 双卡双待手机,4499,三星京东自营官方旗舰店,3000+
27,飞利浦（PHILIPS ）,飞利浦（PHILIPS）E218L 陨石黑 翻盖老人手机 移动联通2G 双卡双待大字大声老年机 学生备用功能机,279,飞利浦手机京东自营旗舰店,2万+
28,飞利浦（PHILIPS ）,飞利浦（PHILIPS）E218L 富贵金 翻盖老人手机 移动联通2G 双卡双待大字大声老年机 学生备用功能机,279,飞利浦手机京东自营旗舰店,2000+
29,荣耀（HONOR）,荣耀V20 游戏手机 麒麟980芯片 魅眼全视屏 4800万深感相机 6GB+128GB 幻夜黑 移动联通电信4G,2199,荣耀京东自营旗舰店,80万+
30,飞利浦（PHILIPS ）,飞利浦（PHILIPS）E289 星空灰 电信移动联通4G全网通 智能老人手机 WiFi热点 直板按键老年机 儿童学生手机,399,飞利浦手机京东自营旗舰店,6万+
31,荣耀（HONOR）,荣耀畅玩8A 6.09英寸珍珠全面屏 震撼大音量 3GB+32GB 幻夜黑 移动联通电信4G全面屏手机 双卡双待,799,荣耀京东自营旗舰店,40万+
32,纽曼（Newman）,纽曼（Newman）L9 星空黑 超长待机 三防老人手机 移动2G 直板按键 大声音 双卡双待老年机 学生备用功能机,138,纽曼京东自营官方旗舰店,2万+
33,荣耀（honor）,荣耀20i 3200万AI自拍 超广角三摄 全网通版6GB+64GB 渐变蓝 移动联通电信4G全面屏手机,1399,荣耀京东自营旗舰店,90万+
34,飞利浦（PHILIPS ）,飞利浦（PHILIPS） E280 星空黑 直板商务大屏 超长待机 移动联通2G 双卡双待 老人手机 学生备用功能机,299,飞利浦手机京东自营旗舰店,1000+
35,飞利浦（PHILIPS ）,飞利浦（PHILIPS）E280 海军蓝 商务大屏 超长待机 移动联通2G 双卡双待 老人手机 学生备用功能机 儿童手机,299,飞利浦手机京东自营旗舰店,7000+
36,飞利浦（PHILIPS ）,飞利浦（PHILIPS）E188A 星空黑 真三防老人手机 防水 超长待机 老年手机 移动联通2G 儿童学生备用功能机,399,飞利浦手机京东自营旗舰店,1万+
37,OPPO,【蓝牙音箱套装版】OPPO Reno 10倍变焦版 高通骁龙855 4800万超清三摄 8GB+256GB 极夜黑 全网通4G 全面屏拍照游戏智能手机,4329,OPPO京东自营官方旗舰店,2万+
38,天语（K-Touch）,天语（K-Touch）S8全网通4G+智能老人手机 移动联通电信4G 双卡双待 超长待机 直板按键备用老年手机 黑色,249,天语手机京东自营官方旗舰店,5万+
39,天语（K-Touch）,天语（K-Touch）S8全网通4G+智能老人手机 移动联通电信4G 双卡双待 超长待机 直板按键备用老年手机 金色,249,天语手机京东自营官方旗舰店,1万+
40,飞利浦（PHILIPS ）,飞利浦 PHILIPS E288 陨石黑 移动联通2G超长待机 充电宝 手电筒 三防老人机 老年手机学生机 备用机,198,没有找到店铺 - -！,3万+
41,荣耀（honor）,"京品手机	
荣耀20 PRO 4800万全焦段AI四摄 双光学防抖 麒麟980 全网通4G 8GB+128GB 幻夜星河 拍照手机",2699,荣耀京东自营旗舰店,50万+
42,荣耀（honor）,"京品手机	
荣耀20 4800万超广角AI四摄 3200W美颜自拍 麒麟Kirin980全网通版8GB+256GB 幻夜黑 全面屏手机",2699,荣耀京东自营旗舰店,90万+
43,vivo,vivo Y3 4GB+128GB 孔雀蓝 5000mAh大电池 强劲续航手机 超广角AI智慧三摄 移动联通电信全网通4G手机,1098,vivo京东自营官方旗舰店,6万+
44,小米（MI）,"京品手机	
小米9 骁龙855 索尼4800万超广角微距三摄 支持20W无线闪充 8GB+128GB 全息幻彩紫 智能拍照游戏手机",2499,小米京东自营旗舰店,40万+
45,三星（SAMSUNG）,"京品手机	
三星 Galaxy S10(SM-G9730)骁龙855超感屏 超声波屏下指纹 4G手机 全网通 双卡双待游戏手机 8GB+128GB炭晶黑",3699,三星京东自营官方旗舰店,9万+
46,三星（SAMSUNG）,三星Galaxy S10+ (SM-G9750) 骁龙855超感屏 超声波屏下指纹 4G手机全网通 双卡双待游戏手机12GB+1TB陶瓷黑,7999,三星京东自营官方旗舰店,6万+
47,vivo,"京品手机	
vivo X27 8GB+256GB大内存 粉黛金 套装 4800万AI三摄全面屏拍照手机 移动联通电信全网通4G手机",3698,vivo京东自营官方旗舰店,1万+
48,小米（MI）,Redmi 7A 4000mAh超长续航 AI人脸解锁 骁龙8核  标配10W充电器 整机防泼溅 3GB+32GB 磨砂黑 游戏智能手机 小米 红米,549,小米京东自营旗舰店,40万+
49,魅族（meizu）,魅族16Xs AI三摄超广角拍照手机 6GB+128GB 骑士黑 4000mAh大电池 全网通4G智能 双卡双待,1699,魅族京东自营旗舰店,3万+
50,小辣椒,小辣椒 红辣椒8X Pro 6GB+128GB 渐变黑 6.2英寸水滴屏 微信8开 人脸识别 游戏手机 全网通4G 双卡双待,649,小辣椒手机京东自营官方旗舰店,4万+
51,飞利浦（PHILIPS ）,飞利浦（PHILIPS）E518 玫瑰红 64位4核 安卓8.1WiFi热点 全网通4G触屏手写智能4G老人机 儿童学生功能老年机,399,飞利浦手机京东自营旗舰店,1万+
52,OPPO,【爱奇艺年卡套装】OPPO Reno Z 4800万超清像素 超清夜景2.0 VOOC闪充 8GB+128GB 极夜黑 全网通4G 全面屏拍照游戏智能手机,2329,OPPO京东自营官方旗舰店,1万+
53,飞利浦（PHILIPS ）,飞利浦（PHILIPS）E151Y 陨石黑 电信版天翼直板老人手机 超长待机老年手机 学生备用功能机,168,飞利浦手机京东自营旗舰店,2万+
54,黑鲨,黑鲨游戏手机2 Pro 12GB+512GB 风行蓝 骁龙855Plus 屏幕压感 极速触控 全面屏 双卡双待 4G全网通,3499,黑鲨京东自营官方旗舰店,9万+
55,魅族（meizu）,魅族 Note9 大屏游戏拍照手机 6GB+64GB 幻黑 4000mAh大电池 人脸解锁 全网通4G 双卡双待,1099,魅族京东自营旗舰店,4万+
56,飞利浦（PHILIPS ）,飞利浦（PHILIPS）E219 摩卡金 翻盖老年手机 移动联通2G 双卡双待 老人手机 学生备用功能机 商务机 儿童机,279,飞利浦手机京东自营旗舰店,4万+
57,荣耀（HONOR）,"京品手机	
荣耀20 PRO 4800万全焦段AI四摄  双光学防抖 麒麟980 全网通4G 8GB+128GB 冰岛幻境 拍照手机",2699,荣耀京东自营旗舰店,50万+
58,荣耀（honor）,荣耀9X 麒麟810 4000mAh超强续航 4800万超清夜拍 6.59英寸升降全面屏 全网通6GB+128GB 魅焰红,1899,荣耀京东自营旗舰店,100万+
59,vivo,vivo Z5 8GB+128GB 极光幻境 4800万超广角AI三摄手机 22.5W快充 4500mAh大电池 全网通4G手机,1698,vivo京东自营官方旗舰店,30万+
60,OPPO,"京品手机	
【蓝牙音箱套装版】OPPO K1 光感屏幕指纹 水滴屏拍照手机 4G+64G 墨玉黑 全网通 移动联通电信4G 双卡双待手机",1199,OPPO京东自营官方旗舰店,3万+
61,飞利浦（PHILIPS ）,飞利浦 PHILIPS E258C 炫酷红 直板电信2G 老人手机老年手机学生手机功能机备用机,238,没有找到店铺 - -！,3000+
62,守护宝,守护宝（上海中兴）L105 老人手机 移动/联通2G 双卡双待老年手机 按键直板 超长待机 学生备用功能机 红色,109,守护宝手机京东自营旗舰店,1万+
63,魅族（meizu）,魅族 16s Pro 骁龙855plus 全面屏拍照游戏手机 6GB+128GB 暮光森林 全网通移动联通电信4G手机 双卡双待,2689,魅族京东自营旗舰店,4万+
64,飞利浦（PHILIPS ）,飞利浦（PHILIPS）E319 香槟金 音乐手机 大屏超长待机 直板按键 移动联通2G 老人机 儿童学生老年备用功能机,168,飞利浦手机京东自营旗舰店,3000+
65,飞利浦（PHILIPS ）,飞利浦（PHILIPS）E319 深海蓝 音乐手机 大屏超长待机 直板按键 移动联通2G 老人机 儿童学生老年备用功能机,168,飞利浦手机京东自营旗舰店,1万+
66,飞利浦（PHILIPS ）,飞利浦（PHILIPS）E319 典雅黑 音乐手机 大屏超长待机 直板按键 移动联通2G 老人机 儿童学生老年备用功能机,168,飞利浦手机京东自营旗舰店,20万+
67,小米（MI）,Redmi Note8Pro 6400万全场景四摄 液冷游戏芯 4500mAh长续航 NFC 18W快充 红外遥控 8GB+128GB 电光灰 游戏智能手机 小米 红米,1499,小米京东自营旗舰店,100万+
68,多亲（QIN）,多亲（QIN）QF9  AI功能电话老人手机双卡双待 移动联通4G手机 电信volte 远程定位 深灰色,289,多亲（QIN）京东自营旗舰店,1万+
69,Apple,Apple iPhone 11 Pro (A2217) 64GB 金色 移动联通电信4G手机 双卡双待,5999,Apple产品京东自营旗舰店,30万+
70,OPPO,"京品手机	
【OPPO 无线降噪耳机套装】OPPO K3 高通骁龙710 升降摄像头 VOOC闪充 8GB+128GB 秘境黑 游戏智能手机",2229,OPPO京东自营官方旗舰店,9万+
71,飞利浦（PHILIPS ）,飞利浦（PHILIPS） E516 陨石黑 移动联通4G 直板按键老人手机 双卡双待 超长待机 老年手机 学生备用功能机,299,飞利浦手机京东自营旗舰店,9000+
72,荣耀（HONOR）,荣耀9X 麒麟810 4000mAh续航 4800万超清夜拍 6.59英寸升降全面屏 全网通6GB+64GB 冰岛白【服务升级套装】,1799,荣耀京东自营旗舰店,10万+
73,荣耀（HONOR）,荣耀9X 麒麟810 4000mAh续航 4800万超清夜拍 6.59英寸升降全面屏 全网通6GB+64GB 魅焰红【服务升级套装】,1799,荣耀京东自营旗舰店,10万+
74,荣耀（HONOR）,荣耀9X 麒麟810 4000mAh续航 4800万超清夜拍 6.59英寸升降全面屏 全网通6GB+64GB 幻夜黑【服务升级套装】,1799,荣耀京东自营旗舰店,30万+
75,荣耀（HONOR）,荣耀20S 李现同款 3200万超级夜景 4800万AI三摄 麒麟810芯片 全网通版8GB+128GB 蝶羽白【服务升级套装】,2399,荣耀京东自营旗舰店,1万+
76,荣耀（HONOR）,荣耀20S 李现同款 3200万超级夜景 4800万AI三摄 麒麟810芯片 全网通版6GB+128GB 蝶羽蓝【服务升级套装】,2099,荣耀京东自营旗舰店,10万+
77,魅族（meizu）,魅族 16s 骁龙855全面屏拍照游戏手机 6GB+128GB 碳纤黑 全网通移动联通电信4G手机 双卡双待,2399,魅族京东自营旗舰店,7万+
78,OPPO,【蓝牙音箱套装版】OPPO Reno 4800万超清像素 6GB+128GB 星云紫 全网通 全面屏拍照游戏智能手机,2229,OPPO京东自营官方旗舰店,2万+
79,索爱（soaiy）,索爱（soaiy）Z86 亮黑色 翻盖老人手机 双卡双待超长待机大字体大声音 移动联通2G老年功能机 全语音播报,269,索爱（soaiy）手机京东自营旗舰店,4000+
80,索爱（soaiy）,索爱（soaiy）Z58 铂光金三防翻盖老人手机 移动联通2G双卡双待双屏 超长待机超大音量 老年功能机 语音播报,179,索爱（soaiy）手机京东自营旗舰店,5000+
81,vivo,vivo X27Pro 黑珍珠 4800万AI三摄全面屏拍照手机 移动联通电信全网通4G手机 8GB+256GB,3598,vivo京东自营官方旗舰店,15
82,小米（MI）,Redmi 8 5000mAh大电量 大字体大音量大内存 3D四曲面机身 AI双摄 骁龙八核处理器 AI人脸解锁 4GB+64GB 仙踪绿 游戏智能手机 小米 红米,799,小米京东自营旗舰店,10万+
83,OPPO,OPPO A11 5000mAh大电池 AI四摄 视频防抖 6GB+128GB 暮辰紫 全网通4G 全面屏拍照游戏智能手机,1299,OPPO京东自营官方旗舰店,10万+
84,荣耀（honor）,荣耀20青春版 AMOLED屏幕指纹 4000mAh大电池 20W快充 4800万 手机 6GB+128GB 冰岛幻境,1699,荣耀京东自营旗舰店,70万+
85,海信（Hisense）,海信(Hisense)双屏手机A6L5.84英寸护眼水墨屏 6.53英寸水滴屏 电纸书阅读器 翎羽蓝6GB+128GB全网通4G手机,2399,海信手机京东自营旗舰店,3万+
86,天语（K-Touch）,"
天语（K-Touch）S8全网通4G+智能老人手机 移动联通电信4G 双卡双待 超长待机 直板按键备用老年手机 红色",259,天语手机京东自营官方旗舰店,2万+
87,多亲（QIN）,多亲（QIN）Qin 2 Pro助手2+32g 5.05英寸全面屏智能超薄手机备机触屏 移动联通4g手机 电信Volte 铁灰色,599,多亲（QIN）京东自营旗舰店,2万+
88,守护宝,守护宝 (上海中兴)  L6 陨石黑 移动/联通2G 双屏翻盖老人手机老年手机学生手机功能手机备用机,199,没有找到店铺 - -！,5000+
89,守护宝,守护宝 (上海中兴)  L6 典雅红 移动/联通2G 双屏翻盖老人手机 老年手机学生手机功能手机 备用机,199,没有找到店铺 - -！,5000+
90,OPPO,OPPO Reno10倍变焦版 高通骁龙855 4800万超清三摄 6GB+128GB 极夜黑 全网通 全面屏手机,3699,没有找到店铺 - -！,0
91,OPPO,OPPO Reno Z 4800万超清像素 超清夜景2.0 VOOC闪充 6GB+256GB 星辰紫 全面屏拍照智能游戏手机,2199,没有找到店铺 - -！,0
92,OPPO,OPPO Reno Z 4800万超清像素 超清夜景2.0 VOOC闪充 6GB+256GB 珠贝白 全网通4G 全面屏拍照手机,2199,没有找到店铺 - -！,0
93,小米（MI）,"京品手机	
小米9 骁龙855 索尼4800万超广角微距三摄 支持20W无线闪充 8GB+128GB 全息幻彩蓝 智能拍照游戏手机",2999,小米京东自营旗舰店,10万+
94,小米（MI）,小米9 Pro 5G 骁龙855Plus 30W无线闪充 8GB+256GB 梦之白 双卡全网通 全面屏拍照智能新品游戏手机,3799,小米京东自营旗舰店,1万+
95,三星（SAMSUNG）,三星 Galaxy Fold(SM-F9000)折叠屏双屏手机 骁龙855 六摄像头组合 多任务处理 12GB+512GB 夜雾银,15999,三星京东自营官方旗舰店,4000+
96,Apple,Apple iPhone 11 (A2223) 128GB 黑色 移动联通电信4G手机 双卡双待【购机补贴版】,4999,Apple产品京东自营旗舰店,100万+
97,一加,"京品手机	
一加 OnePlus 7 Pro 2K+90Hz 流体屏 高通骁龙855旗舰性能 4800万超广角三摄 8GB+256GB 星雾蓝 全面屏拍照游戏手机",3899,一加手机京东自营官方旗舰店,40万+
98,天语（K-Touch）,天语（K-Touch) Q8 全网通4G智能双卡双待三防老人手机 超长待机直板移动联通电信学生功能按键老年手机 黑色,289,天语手机京东自营官方旗舰店,2万+
99,纽曼（Newman）,纽曼 Newman W560 樱花粉 学生手机 儿童手机 移动2G 超薄迷你可爱小手机 非智能戒网备用手机老人机,153,纽曼京东自营官方旗舰店,1万+
100,荣耀（HONOR）,荣耀20 4800万超广角AI四摄 3200W美颜自拍 麒麟Kirin980全网通版8GB+128GB 幻夜黑 全面屏手机,2699,荣耀京东自营旗舰店,90万+
101,荣耀（HONOR）,荣耀20i 3200万AI自拍 超广角三摄 全网通版6GB+128GB 渐变红 移动联通电信4G全面屏手机 双卡双待,1699,荣耀京东自营旗舰店,90万+
102,荣耀（honor）,荣耀V30 5G 双模 麒麟990 突破性相机矩阵 游戏手机 8GB+128GB 幻夜星河 移动联通电信5G 双卡双待,3699,荣耀京东自营旗舰店,20万+
103,荣耀（HONOR）,"京品手机	
荣耀V30 PRO DXO122分 5G双模 麒麟990 5GSOC芯片 双超级快充 游戏手机8GB+128GB魅海星蓝 双卡双待",3899,荣耀京东自营旗舰店,30万+
104,vivo,vivo X30 5G 曜石 8GB+128GB 双模5G 20倍变焦 50mm专业人像镜头 全网通智慧旗舰手机,2998,vivo京东自营官方旗舰店,6万+
105,OPPO,【蓝牙音箱套装】OPPO A9x 4800万像素 VOOC闪充 6GB+128GB 冰玉白 全网通4G 全面屏拍照游戏智能手机,2029,OPPO京东自营官方旗舰店,2000+
106,小辣椒,小辣椒 红辣椒8X Pro 6GB+128GB 极光蓝 6.2英寸水滴屏 微信8开 人脸识别 游戏手机 全网通4G 双卡双待,649,小辣椒手机京东自营官方旗舰店,4万+
107,纽曼（Newman）,纽曼 Newman R21 中国红 超长待机 老人手机 移动联通2G 直板按键 大字大声 双卡双待老年机 老年备用功能机,118,纽曼京东自营官方旗舰店,3000+
108,纽曼（Newman）,纽曼 Newman M560C 炫舞红 直板按键 电信版老人手机 超长待机 大字体大声音大按键 老年机 学生备用功能机,135,纽曼京东自营官方旗舰店,2万+
109,小米（MI）,"京品手机	
Redmi K20Pro 骁龙855 索尼4800万超广角三摄  AMOLED弹出式全面屏 8GB+128GB 火焰红 游戏智能手机 小米 红米",2399,小米京东自营旗舰店,50万+
110,vivo,vivo S5 8GB+256GB 星眸黑 前置3200万写真级自拍 4800万菱感四摄极点屏手机 全网通4G手机,2298,vivo京东自营官方旗舰店,3万+
111,天语（K-Touch）,天语（K-Touch）LD1 智能老人手机 4G全网通 移动联通电信 人脸识别 学生备用老年手机 黑色 3+32G,499,天语手机京东自营官方旗舰店,8000+
112,小米（MI）,Redmi K30 5G双模 120Hz流速屏 骁龙765G 前置挖孔双摄 索尼6400万后置四摄 30W快充?6GB+128GB 紫玉幻境?游戏智能手机 小米 红米,1599,小米京东自营旗舰店,70万+
113,OPPO,"京品手机	
OPPO Reno3 双模5G 6400万超清四摄 视频双防抖 7.96mm纤薄机身 12GB+128GB 蓝色星夜全网通拍照游戏视频手机",2299,OPPO京东自营官方旗舰店,4万+
114,飞利浦（PHILIPS ）,"
飞利浦（PHILIPS） E206 绚丽红 移动2G 直板按键老人手机 双卡双待 超长待机 大屏老年机 学生备用功能机",188,飞利浦手机京东自营旗舰店,1万+
115,飞利浦（PHILIPS ）,"
飞利浦（PHILIPS） E206 宝蓝色 移动2G 直板按键老人手机 双卡双待 超长待机 大屏老年机 学生备用功能机",188,飞利浦手机京东自营旗舰店,8000+
116,飞利浦（PHILIPS ）,"
飞利浦（PHILIPS） E206 陨石黑 移动2G 直板按键老人手机 双卡双待 超长待机 大屏老年机 学生备用功能机",188,飞利浦手机京东自营旗舰店,1万+
117,天语（K-Touch）,天语（K-Touch）Q9 儿童定位微聊小手机电话迷你移动联通2G学生直板功能备用卡片超长待机老人手机 天空蓝,158,天语手机京东自营官方旗舰店,3000+
118,vivo,vivo X30 Pro 5G 绯云 8GB+128GB 60倍超级变焦 6400万四摄拍照手机 智慧旗舰手机 全网通5G手机,3997,京东超体vivo专卖店,2
119,荣耀（HONOR）,"京品手机	
荣耀20 PRO  4800万全焦段AI四摄 双光学防抖 麒麟980 全网通4G 8GB+128GB 蓝水翡翠 拍照手机【购机补贴版】",3199,荣耀京东自营旗舰店,10万+
120,vivo,vivo X30 Pro 5G 曜石 8GB+256GB 60倍超级变焦 6400万四摄拍照手机 智慧旗舰新品手机 全网通5G手机,4297,vivo京东自营官方旗舰店,0
121,OPPO,OPPO Reno3 Pro 双模5G 视频双防抖 90HZ高感曲面屏 7.7mm轻薄机身 8GB+128GB 蓝色星夜全网通游戏视频手机,3999,京东超体OPPO专卖店,23
122,飞利浦（PHILIPS ）,飞利浦（PHILIPS）E517 陨石黑 老人智能手机 移动联通电信三网4G 直板按键功能机4G WiFi热点儿童学生老年机,299,飞利浦手机京东自营旗舰店,7万+
123,守护宝,守护宝（上海中兴）K199 全网通2.8英寸AI智能老人手机 老年手机三网4G老人机 超长待机儿童学生手机 暮光黑,279,守护宝手机京东自营旗舰店,2万+
124,守护宝,守护宝（上海中兴）K199 全网通2.8英寸AI智能老人手机 老年手机三网4G老人机 超长待机儿童学生手机 典雅红,279,守护宝手机京东自营旗舰店,4000+
125,飞利浦（PHILIPS ）,飞利浦（PHILIPS）E109 陨石黑 环保材质 移动联通2G 直板按键 双卡双待 老人手机 儿童学生备用老年功能手机,99,飞利浦手机京东自营旗舰店,5万+
126,飞利浦（PHILIPS ）,飞利浦（PHILIPS）E109 柠檬黄 环保材质 移动联通2G 直板按键 双卡双待 老人手机 儿童学生备用老年功能手机,99,飞利浦手机京东自营旗舰店,7000+
127,OPPO,OPPO A8 天青色 4+128 6.5英寸水滴屏 4230mAh电池,1199,没有找到店铺 - -！,4
128,黑鲨,"京品手机	
腾讯黑鲨游戏手机3 8GB+128GB 铠甲灰 骁龙865 270Hz触控采样率 “三明治”液冷散热 90Hz屏幕刷新率 双模5G",2799,黑鲨京东自营官方旗舰店,10万+
129,荣耀（HONOR）,荣耀20 李现同款 4800万超广角AI四摄 3200W美颜自拍 麒麟Kirin980全网通版8GB+256GB 蓝水翡翠 全面屏手机,2699,荣耀京东自营旗舰店,3万+
130,荣耀（HONOR）,"京品手机	
荣耀20 李现同款 4800万超广角AI四摄 3200W美颜自拍 麒麟Kirin980全网通版8GB+256GB 幻夜黑 全面屏手机",2699,荣耀京东自营旗舰店,4万+
131,荣耀（HONOR）,荣耀20 李现同款 4800万超广角AI四摄 3200W美颜自拍 麒麟Kirin980全网通版8GB+128GB 蓝水翡翠,2699,荣耀京东自营旗舰店,10万+
132,小米（MI）,小米10 Pro  双模5G 骁龙865 1亿像素8K电影相机  50倍变焦 50W快充 12GB+256GB 珍珠白 拍照智能新品游戏手机【购机补贴版】,5499,小米京东自营旗舰店,2万+
133,vivo,vivo iQOO 3 5G 12GB+256GB 拉力橙 高通骁龙865 55W超快闪充 专业电竞游戏体验手机 双模5G全网通手机,3998,vivo京东自营官方旗舰店,10万+
134,飞利浦（PHILIPS ）,飞利浦（PHILIPS）E518 陨石黑 64位4核 安卓8.1WiFi热点 全网通4G触屏手写智能4G老人机 儿童学生功能老年机,399,飞利浦手机京东自营旗舰店,1万+
135,真我（realme）,"京品手机	
realme 真我X50 Pro 5G 6400万变焦四摄 双模5G 65W超级闪充 骁龙865 90Hz电竞屏 12GB+256GB 红锈 旗舰手机",3499,realme真我京东自营旗舰店,3万+
136,三星（SAMSUNG）,三星 Galaxy S20 5G (SM-G9810)双模5G 骁龙865 120Hz超感屏 8K视频 游戏手机 12GB+128GB 遐想灰,5999,三星京东自营官方旗舰店,8万+
137,荣耀（HONOR）,荣耀20青春版 AMOLED屏幕指纹 4000mAh大电池 20W快充 4800万 手机 6GB+128GB 幻夜黑,1699,荣耀京东自营旗舰店,2万+
138,天语（K-Touch）,天语（K-Touch）Q9C 定位电信版儿童手机电话超薄迷你卡通学生直板按键功能备用卡片超长待机小手机 梦幻粉,219,天语手机京东自营官方旗舰店,2000+
139,天语（K-Touch）,天语（K-Touch）Q9C 定位电信版儿童手机电话超薄迷你卡通学生直板按键功能备用卡片超长待机小手机 天空蓝,219,天语手机京东自营官方旗舰店,1000+
140,OPPO,OPPO Find X2 Pro 兰博基尼版 3K分辨率 120Hz 多焦段影像系统 骁龙865 65w闪充12GB+512GB碳纤黑 双模5G手机,12999,OPPO京东自营官方旗舰店,600+
141,小米（MI）,Redmi K30 Pro 变焦版 5G先锋 骁龙865旗舰处理器 弹出式超光感全面屏 索尼6400万双光学防抖四摄 30倍变焦 8GB+256GB 天际蓝 游戏智能手机 小米 红米,3399,小米京东自营旗舰店,60万+
142,OPPO,OPPO Find X2 超感官旗舰 3K分辨率 120Hz超感屏 多焦段影像系统 骁龙865 65w闪充 8GB+256GB夜海 双模5G手机,5999,京东超体OPPO专卖店,1
143,荣耀（HONOR）,荣耀畅玩8 5.71英寸珍珠全面屏 大字体大音量长续航 莱茵护眼 2GB+32GB 极光蓝 双卡双待 全网通,599,荣耀京东自营旗舰店,3万+
144,努比亚（nubia）,"京品手机	
努比亚 nubia 红魔5G 电竞游戏手机 12GB+128GB 骇客黑 骁龙865 144Hz屏幕刷新率 内置风扇散热【购机补贴版】",4099,努比亚京东自营旗舰店,6000+
145,vivo,vivo Z6 5G手机 8GB+128GB 冰川纪 44W超快闪充 高通骁龙765G 5000mAh超大电池,2597,京东超体vivo专卖店,3
146,荣耀（honor）,荣耀30S 麒麟820 5G芯片 3倍光学变焦 20倍数字变焦 全网通版8GB+128GB 蝶羽翠,2399,荣耀京东自营旗舰店,30万+
147,守护宝,守护宝（上海中兴）F20 老人机电信版4g老年手机全网通老人智能手机大声音量学生6英寸大屏幕手机 蓝色,499,守护宝手机京东自营旗舰店,1万+
148,一加,一加 OnePlus 8 Pro 5G旗舰 2K+120Hz 柔性屏 30W无线闪充 高通骁龙865 12GB+256GB 青空 拍照游戏手机,4999,一加手机京东自营官方旗舰店,10万+
149,一加,"京品手机	
一加 OnePlus 8 5G旗舰 90Hz高清柔性屏 骁龙865 180g轻薄手感 12GB+256GB 银翼 超清超广角拍照游戏手机",3799,一加手机京东自营官方旗舰店,20万+
150,荣耀（HONOR）,荣耀Play4T Pro 麒麟810芯片 OLED屏幕指纹 4800万高感光夜拍三摄 22.5W超级快充 全网通8GB+128GB 冰岛幻境,1699,荣耀京东自营旗舰店,90万+
151,小米（MI）,Redmi K30 5G双模 120Hz流速屏 骁龙765G 30W快充?6GB+128GB 紫玉幻境?游戏智能手机 小米 红米【购机补贴版】,2199,小米京东自营旗舰店,10万+
152,荣耀（honor）,荣耀9X PRO 麒麟810液冷散热 4000mAh超强续航 4800万超广角夜拍三摄 6.59英寸全网通8GB+128GB 幻影紫,2199,荣耀京东自营旗舰店,10万+
153,飞利浦（PHILIPS ）,飞利浦（PHILIPS）E219 海军蓝 翻盖老年手机 移动联通2G 双卡双待 老人机 学生备用功能机 商务机 儿童手机,279,飞利浦手机京东自营旗舰店,4000+
154,飞利浦（PHILIPS ）,飞利浦（PHILIPS）E219 典雅黑 翻盖老年手机 移动联通2G 双卡双待 老人手机 学生备用功能机商务机 儿童手机,279,飞利浦手机京东自营旗舰店,1万+
155,诺基亚（NOKIA）,诺基亚 NOKIA 5310 黑红 直板按键 移动2G音乐手机 双卡双待 老人老年手机 学生考研复试戒网备用功能机,319,诺基亚手机京东自营旗舰店,1万+
156,金立（Gionee）,金立 Gionee K5 4+128GB 曜石黑 3700mAh大电池 6.53英寸水滴屏 全网通4G 双卡双待,699,金立手机京东自营旗舰店,1000+
157,荣耀（HONOR）,荣耀30 Pro 50倍远摄 麒麟990 5G 4000万超感光摄影 3200W美颜自拍 游戏手机 全网通版8GB+128GB 幻夜黑,3999,荣耀京东自营旗舰店,20万+
158,荣耀（HONOR）,荣耀30 Pro 麒麟Kirin990 5G 4000万超感光摄影 3200W美颜自拍 全网通版8GB+128GB 幻夜黑 【购机补贴版】,3999,荣耀京东自营旗舰店,3万+
159,多亲（QIN）,多亲（QIN）Qin 2 Pro 学生手机2+32g全面屏智能超薄手机备机触屏 移动联通4g手机 电信Volte 铁灰色,599,多亲（QIN）京东自营旗舰店,3000+
160,Apple,Apple iPhone SE (A2298) 128GB 红色 移动联通电信4G手机,3399,Apple产品京东自营旗舰店,30万+
161,荣耀（HONOR）,荣耀9X 麒麟810 4000mAh续航 4800万超清夜拍 6.59英寸升降全面屏 全网通6GB+64GB 魅海蓝,1399,荣耀京东自营旗舰店,100万+
162,vivo,vivo Y50 8GB+128GB 流光银 5000mAh大电池 极点屏 后置四摄 全网通4G手机,1598,vivo京东自营官方旗舰店,1万+
163,华为（HUAWEI）,华为 HUAWEI nova 7 Pro 3200万追焦双摄 50倍潜望式变焦四摄 5G SoC芯片 8GB+128GB 仲夏紫全网通5G手机,3699,华为京东自营官方旗舰店,1万+
164,OPPO,OPPO Ace2   月岩灰 8G+256G 全网通,4399,京东超体OPPO专卖店,0
165,京崎（TOOKY）,京崎（TOOKY）Y9 全网通4g智能老人手机 电信 大声大屏 老年手机超长待机 移动联通微信 三防手机便宜 黑色,349,京崎（TOOKY）手机京东自营旗舰店,1万+
166,魅族（meizu）,魅族17 Pro 12GB+256GB 定白 骁龙865 旗舰5G手机 27W无线充 6400W后置主摄 90Hz屏幕 支持NFC 智能游戏手机,4699,魅族京东自营旗舰店,3万+
167,魅族（meizu）,魅族17 8GB+128GB AG 梦幻独角兽 骁龙865 旗舰5G手机 30W快充 6400W后置主摄 90Hz屏幕 支持NFC 游戏手机,3699,魅族京东自营旗舰店,6万+
168,小米（MI）,Redmi K30极速版 5G双模 120Hz流速屏 骁龙768G 前置挖孔双摄 索尼6400万后置四摄 30W快充 6GB+128GB 时光独白 游戏智能手机 小米 红米,1999,小米京东自营旗舰店,10万+
169,一加,"京品手机	
一加 OnePlus 8 5G旗舰 90Hz高清柔性屏 骁龙865 180g轻薄手感 12GB+256GB 银翼 超清超广角拍照游戏手机",3999,一加手机京东自营官方旗舰店,2万+
170,OPPO,OPPO Find X2 Pro【直播版】 超感官旗舰 120Hz 多焦段影像系统 12GB+256GB茶橘 双模5G手机,6999,OPPO京东自营官方旗舰店,8000+
171,vivo,iQOO Neo3 5G 12GB+128GB 青空蓝  高通骁龙865 144Hz竞速屏 立体双扬 44W闪充 双模5G全网通手机,2998,vivo京东自营官方旗舰店,2万+
172,一加,一加 OnePlus 8 5G旗舰 90Hz高清柔性屏 高通骁龙865 180g轻薄手感 8GB+128GB 银翼 超清超广角拍照游戏手机,3599,一加手机京东自营官方旗舰店,2万+
173,OPPO,OPPO Find X2 Pro 12GB+256GB 缎黑,6999,京东超体OPPO专卖店,0
174,小米（MI）,【优享版】Redmi K30极速版 5G双模 120Hz流速屏 骁龙768G 前置挖孔双摄 索尼6400万后置四摄 30W快充 6GB+128GB 深海微光 游戏智能手机 小米红米【购机补贴版】,1999,小米京东自营旗舰店,6万+
175,vivo,vivo Y70s 5G手机 8+128GB 月影黑  4500mAh大电池 双重解锁 后置3摄   双模5G全网通手机,1998,vivo京东自营官方旗舰店,1万+
176,小米（MI）,Redmi 10X 4G Helio G85游戏芯 4800万超清四摄 5020mAh大电量 小孔全面屏 128GB大存储 4GB+128GB 天际蓝 游戏智能手机 小米 红米,999,小米京东自营旗舰店,50万+
177,荣耀（HONOR）,荣耀Play4T 全网通6GB+128GB大内存 极光蓝 4000mAh大电池 4800万AI摄影 6.39英寸魅眼屏,1288,荣耀京东自营旗舰店,70万+
178,小米（MI）,Redmi 10X 5G 天玑820 双5G待机 4800万流光相机 水滴全面屏 6GB+128GB 深海蓝 游戏智能老人手机 小米 红米,1399,小米京东自营旗舰店,40万+
179,荣耀（HONOR）,荣耀X10  5G双模 麒麟820 4300mAh续航 4000万高感光影像系统 6.63英寸升降全面屏 全网通8GB+128GB 光速银,2399,荣耀京东自营旗舰店,40万+
180,一加,"京品手机	
一加 OnePlus 8 5G旗舰 90Hz高清柔性屏 骁龙865 180g轻薄手感 12GB+256GB 银翼 超清超广角拍照游戏手机【合约立减版】",4599,一加手机京东自营官方旗舰店,2万+
181,一加,一加 OnePlus 8 Pro 5G旗舰 2K+120Hz 柔性屏 30W无线闪充 高通骁龙865 12GB+256GB 黑镜 超清超广角拍照游戏手机【合约立减版】,5999,一加手机京东自营官方旗舰店,2万+
182,酷派（Coolpad）,酷派Cool9s 护眼模式 全面屏智能手机 大字体大音量大内存 4G全网通 双卡双待 4GB+64GB 极光蓝,599,酷派京东自营旗舰店,1万+
183,荣耀（HONOR）,荣耀X10  5G双模 麒麟820 4300mAh续航 4000万高感光影像系统 6.63英寸升降全面屏 全网通 8GB+128GB 竞速蓝,2459,荣耀京东自营旗舰店,4万+
184,努比亚（nubia）,努比亚 nubia Play 5G手机 8GB+128GB 5颜六色白 144Hz超竞屏 信用购机套装,2699,努比亚京东自营旗舰店,2000+
185,vivo,vivo U3x 3GB+64GB 深湖蓝 5000mAh大电池 18W双引擎闪充 超广角AI三摄 骁龙665处理器 全网通4G手机,849,vivo京东自营官方旗舰店,2万+
186,vivo,vivo U3x 3GB+64GB 赤茶红 5000mAh大电池 18W双引擎闪充 超广角AI三摄 骁龙665处理器 全网通4G手机,849,vivo京东自营官方旗舰店,1万+
187,小米（MI）,Redmi 10X 5G 天玑820 双5G待机 4800万流光相机 水滴全面屏 8GB+128GB 深海蓝 游戏智能手机 小米 红米【购机补贴版】,2099,小米京东自营旗舰店,2万+
188,飞利浦（PHILIPS ）,飞利浦 PHILIPS E258C 陨石黑 直板电信2G 老人手机老年手机学生手机备用机,238,没有找到店铺 - -！,3000+
189,天语（K-Touch）,天语（K-Touch）T15 红色 直板按键 移动2G手机 双卡双待 大屏老人老年手机 学生备用功能机 超长待机,119,天语手机京东自营官方旗舰店,3000+
190,OPPO,OPPO Reno4 Pro  65W超级闪充 7.6mm超轻薄设计 双模5G 8GB+128GB 晶钻蓝 拍照游戏视频手机,2699,OPPO京东自营官方旗舰店,3万+
191,OPPO,OPPO Reno4 超级夜景视频 65W超级闪充 视频超级防抖 双模5G 8GB+128GB 晶钻蓝 拍照游戏视频手机,2399,OPPO京东自营官方旗舰店,4万+
192,vivo,vivo Y70s 5G手机 6+128GB 月影黑  4500mAh大电池 双重解锁 后置3摄   双模5G全网通手机,2198,vivo京东自营官方旗舰店,2000+
193,荣耀（HONOR）,荣耀Play4 Pro 5G双模 麒麟990 4000万超感光拍摄 40W超级快充 8GB+128GB幻夜黑,2899,荣耀京东自营旗舰店,10万+
194,天语（K-Touch）,天语（K-Touch）S9 老人手机 高清大屏 超长待机老年手机 双侧键全语音王 移动联通2G备用功能机 曜石黑,119,天语手机京东自营官方旗舰店,6000+
195,三星（SAMSUNG）,三星Galaxy Note10+ 5G(SM-N9760)骁龙855 后置四摄 智能S Pen 全网通双卡双待 游戏手机12GB+256GB莫奈彩,5999,三星京东自营官方旗舰店,5万+
196,诺基亚（NOKIA）,诺基亚 NOKIA  新150 黑色 直板按键 移动2G手机 双卡双待 老人老年手机 学生备用功能机 超长待机,229,诺基亚手机京东自营旗舰店,1万+
197,守护宝,守护宝（上海中兴）K288 移动联通电信三网4G老人机 双卡双待超长待机老人手机 儿童学生手机备用老年机 金色,249,守护宝手机京东自营旗舰店,1万+
198,一加,"京品手机	
一加 OnePlus 8 Pro 5G旗舰 2K+120Hz 柔性屏 30W无线闪充 高通骁龙865 12GB+256GB 蓝调 游戏手机",4999,一加手机京东自营官方旗舰店,2万+
199,一加,一加 OnePlus 8 Pro 5G旗舰 2K+120Hz 柔性屏 30W无线闪充 高通骁龙865 8GB+128GB 黑镜 游戏手机【直播版】,4599,一加手机京东自营官方旗舰店,1万+
200,飞利浦（PHILIPS ）,飞利浦 PHILIPS E258C 宝石蓝 直板电信2G 老人手机老年手机功能机学生手机备用机,238,没有找到店铺 - -！,6万+
201,荣耀（HONOR）,荣耀Play4T Pro 麒麟810芯片 OLED屏幕指纹 4800万高感光夜拍三摄 22.5W超级快充 全网通6GB+128GB 冰岛幻境,1499,荣耀京东自营旗舰店,20万+
202,荣耀（HONOR）,荣耀Play4T Pro 麒麟810芯片 OLED屏幕指纹 4800万高感光夜拍三摄 22.5W超级快充 全网通6GB+128GB 蓝水翡翠,1499,荣耀京东自营旗舰店,10万+
203,荣耀（HONOR）,荣耀Play4T Pro 麒麟810芯片 OLED屏幕指纹 4800万高感光夜拍三摄 22.5W超级快充 全网通6GB+128GB 幻夜黑,1499,荣耀京东自营旗舰店,10万+
204,荣耀（HONOR）,荣耀30S 麒麟820 5G芯片 3倍光学变焦 20倍数字变焦 全网通版8GB+256GB 蝶羽白,2759,荣耀京东自营旗舰店,3万+
205,荣耀（HONOR）,荣耀30S 麒麟820 5G芯片 3倍光学变焦 20倍数字变焦 全网通版8GB+256GB 蝶羽翠,2759,荣耀京东自营旗舰店,2万+
206,荣耀（HONOR）,荣耀30S 麒麟820 5G芯片 3倍光学变焦 20倍数字变焦 全网通版8GB+256GB 幻夜黑,2759,荣耀京东自营旗舰店,2万+
207,荣耀（HONOR）,荣耀30 50倍远摄 麒麟985 5G 4000万超广角AI四摄 3200W美颜自拍  全网通版8GB+256GB 绿野仙踪 全面屏手机,3388,荣耀京东自营旗舰店,1万+
208,荣耀（HONOR）,荣耀Play4 5G双模 6400万锐力四摄 4300mAh大电池 VC液冷散热 8GB+128GB 幻夜黑【购机补贴版】,1999,荣耀京东自营旗舰店,4万+
209,飞利浦（PHILIPS ）,飞利浦 PHILIPS E102A 绚丽红移动联通2G老人机 学生机只能接打电话戒网儿童初中生备用机老人手机老年手机,109,没有找到店铺 - -！,1000+
210,飞利浦（PHILIPS ）,飞利浦（PHILIPS）E268 绚丽红 按键直板老人手机 移动/联通2G 超长待机老年手机 学生备用功能机,168,飞利浦手机京东自营旗舰店,1000+
211,纽曼（Newman）,纽曼（Newman）R27中国红 学生手机 卡片手机 移动2G 超薄迷你便携时尚小手机 备用机非智能戒网手机 老人机,168,纽曼京东自营官方旗舰店,1000+
212,纽曼（Newman）,纽曼（Newman）P20 酷石黑 智能老人手机 4G全网通 移动联通电信 大电池超长待机老人机 学生备用老年手机,499,纽曼京东自营官方旗舰店,1000+
213,荣耀（HONOR）,荣耀V30 PRO DXO122分 5G双模 麒麟990 5GSOC芯片 双超级快充 游戏手机8GB+256GB魅海星蓝 双卡双待,4199,荣耀京东自营旗舰店,1万+
214,荣耀（HONOR）,荣耀30S 麒麟820 5G芯片 3倍光学变焦 20倍数字变焦 全网通版8GB+128GB 幻夜黑,2459,荣耀京东自营旗舰店,7万+
215,荣耀（HONOR）,荣耀30S 麒麟820 5G芯片 3倍光学变焦 20倍数字变焦 全网通版8GB+128GB 蝶羽白,2459,荣耀京东自营旗舰店,10万+
216,OPPO,OPPO Reno4 Pro 超级夜景视频 65W超级闪充 7.6mm超轻薄设计 双模5G 8GB+128GB 晶钻红 拍照游戏视频手机,3798,京东超体OPPO专卖店,14
217,OPPO,OPPO Reno4 超级夜景视频 65W超级闪充 视频超级防抖 双模5G 8GB+128GB 晶钻蓝 拍照游戏视频手机,2998,京东超体OPPO专卖店,4
218,飞利浦（PHILIPS ）,飞利浦（PHILIPS）E109C 陨石黑 防尘 直板按键老人机 电信  老人手机 学生备用老年功能手机 儿童手机,179,飞利浦手机京东自营旗舰店,4万+
219,飞利浦（PHILIPS ）,飞利浦（PHILIPS）E109C 海军蓝 防尘 直板按键老人机 电信  老人手机 学生备用老年功能手机 儿童手机,179,飞利浦手机京东自营旗舰店,7000+
220,小米（MI）,Redmi 9 全场景AI四摄 高性能游戏芯 4GB+64GB 碳素黑 游戏智能手机 小米 红米,799,小米京东自营旗舰店,50万+
221,飞利浦（PHILIPS ）,飞利浦（PHILIPS） E520 陨石黑 大屏超长待机 滑盖老人手机 移动联通2G  双卡双待 学生老年备用功能手机,239,飞利浦手机京东自营旗舰店,5000+
222,vivo,vivo X50（V2001A） 5G手机 20倍变焦 超感光夜摄 90Hz超薄柔性屏 双模5G全网通手机 8G+128G 液氧,3348,中国移动官方旗舰店,0
223,vivo,vivo X50（V2001A） 5G手机 20倍变焦 超感光夜摄 90Hz超薄柔性屏 双模5G全网通手机 8G+256G 液氧,3748,中国移动官方旗舰店,0
224,荣耀（honor）,荣耀X10 Max 5G双模 7.09英寸超大屏对称式双扬声器 5000mAh大电池 NFC 全网通 8GB+128GB探速黑,2499,荣耀京东自营旗舰店,9万+
225,荣耀（HONOR）,荣耀9X PRO 麒麟810液冷散热 4000mAh超强续航 4800万三摄 6.59英寸全网通6GB+64GB 冰岛白HLK-AL10,1399,荣耀京东自营旗舰店,10万+
226,魅族（meizu）,魅族17 8GB+128GB AG 梦幻独角兽 骁龙865 旗舰5G手机 30W快充 6400W后置主摄 90Hz屏幕 支持NFC 游戏手机【合约立减版】,3699,魅族京东自营旗舰店,2万+
227,OPPO,OPPO A92s 双模5G 120Hz畅感屏 前置双摄夜景自拍 4800万超广角四摄拍照手机 6GB+128GB 佳人粉,1999,OPPO京东自营官方旗舰店,6万+
228,荣耀（HONOR）,荣耀20S 3200万人像超级夜景 4800万超广角AI三摄 麒麟810 全网通版6GB+128GB 蝶羽黑,1699,荣耀京东自营旗舰店,50万+
229,纽曼（Newman）,纽曼 Newman L6 中国红 4G全网通 移动联通电信老人手机 双卡双待 直板按键 超长待机老年机 备用功能机,168,纽曼京东自营官方旗舰店,8000+
230,天语（K-Touch）,天语（K-Touch）N1C 电信老人手机 超长待机 双侧边快捷键 天翼直板按键老年手机 学生备用功能机 金色,168,天语手机京东自营官方旗舰店,2万+
231,小米（MI）,Redmi Note8 4800万全场景四摄 4000mAh长续航 高通骁龙665 18W快充 小金刚品质保证 6GB+128GB 皓月白 游戏智能手机 小米 红米,1099,小米京东自营旗舰店,100万+
232,OPPO,OPPO A72 双模5G 90Hz灵点屏 大电池 18W快充 后置三摄AI美颜拍照视频手机 4GB+128GB 氧气紫,1399,OPPO京东自营官方旗舰店,6万+
233,天语（K-Touch）,天语（K-Touch）N1 老人手机 移动/联通 双卡双待 按键直板 超长待机 老年学生备用功能机 红色,109,天语手机京东自营官方旗舰店,10万+
234,诺基亚（NOKIA）,诺基亚 NOKIA C3 蓝色 双卡双待 移动联通电信三网4G智能手机 全面屏 大字体 大音量 老人老年机,699,诺基亚手机京东自营旗舰店,3万+
235,vivo,vivo iQOO Z1x  6GB+128GB 海蔚蓝 骁龙765G 120Hz竞速屏 5000mAh超大电池  双模5G全网通手机 iqooz1x,1798,vivo京东自营官方旗舰店,1万+
236,飞利浦（PHILIPS ）,飞利浦（PHILIPS） E288S 曜石黑 智能手写触屏老人机 移动联通双4G 充电宝老人机 超长待机 学生备用老年机,349,飞利浦手机京东自营旗舰店,8000+
237,华为（HUAWEI）,华为 HUAWEI nova 7 Pro 3200万追焦双摄 50倍潜望式变焦四摄 5G SoC芯片 8GB+128GB 亮黑色【购机补贴版】,3699,华为京东自营官方旗舰店,3万+
238,荣耀（HONOR）,荣耀Play3 6.39英寸魅眼全视屏 4000mAh大电池 真4800万AI三摄 麒麟710F自研芯片 畅玩全网通6GB+64GB 幻夜黑,1099,荣耀京东自营旗舰店,70万+
239,纽曼（Newman）,纽曼Newman N95 全网通4G老人手机 移动联通电信三网老年机 超长待机大字大声学生机 双卡双待功能机星空灰,159,纽曼京东自营官方旗舰店,1万+
240,京崎（TOOKY）,京崎（TOOKY）X9 老人手机 移动/联通 双卡双待 按键直板 超长待机 老年学生备用功能机 红色,119,京崎（TOOKY）手机京东自营旗舰店,1万+
241,真我（realme）,realme 真我V5 4800万四摄 5000mAh长续航 双模5G 破晓之光 8GB+128GB 30W闪充手机 OPPO提供售后支持,1899,realme真我京东自营旗舰店,400+
242,真我（realme）,realme 真我V5 4800万四摄 5000mAh大电池 双模5G 银翼少年 6GB+128GB  30W智慧闪充 长续航 智能手机,1499,realme真我京东自营旗舰店,1万+
243,小米（MI）,小米10 至尊纪念版 双模5G 骁龙865 120HZ高刷新率 120倍长焦镜头 120W快充 8GB+128GB 陶瓷黑 游戏手机【购机补贴版】,5299,小米京东自营旗舰店,1万+
244,朵唯（DOOV）,朵唯（DOOV）D10Pro 6+128GB水滴全面屏 微信QQ八开 侧指纹解锁 游戏手机全网通4G双卡双待智能手机 雾月白,659,朵唯手机京东自营旗舰店,1万+
245,三星（SAMSUNG）,三星 Galaxy Note20 5G（SM-N9810）S Pen&三星笔记 专业视频拍摄  游戏手机 5G手机 8GB+256GB 迷雾金,5799,三星京东自营官方旗舰店,8000+
246,守护宝,守护宝（上海中兴）K999 移动联通电信4G老年手机 双卡双待直板老年机三防老人机 儿童学生手机备用机 金黑色,299,守护宝手机京东自营旗舰店,1万+
247,金立（Gionee）,金立 Gionee K3 pro 8GB+128GB 翡翠绿 4000mAh大电池 后置单摄 6.53英寸水滴屏 微信8开 全网通4G 双卡双待,799,金立手机京东自营旗舰店,8000+
248,多亲（QIN）,多亲（QIN）Qin2AI助手 5.05英寸全面屏智能超薄手机备机触屏 移动联通4g手机 电信Volte 铁灰色,599,多亲（QIN）京东自营旗舰店,8000+
249,华为（HUAWEI）,华为 HUAWEI P40 Pro 麒麟990 5G SoC芯片 5000万超感知徕卡四摄 50倍数字变焦 8GB+256GB亮黑色【购机补贴版】,6488,华为京东自营官方旗舰店,8万+
250,纽曼（Newman）,纽曼 Newman A9 雅典黑 超长待机 双屏翻盖老人手机 移动2G 大屏大字大按键 双卡双待老年机 老年备用功能机,128,纽曼京东自营官方旗舰店,3000+
251,纽曼（Newman）,纽曼 Newman A9 中国红 超长待机 双屏翻盖老人手机 移动2G 大屏大字大按键 双卡双待老年机 老年备用功能机,128,纽曼京东自营官方旗舰店,6000+
252,三星（SAMSUNG）,三星 Galaxy S20+ 5G(SM-G9860)双模5G 骁龙865 120Hz超感屏游戏手机 12GB+128GB 浮氧蓝【合约直降版】,7999,三星京东自营官方旗舰店,6000+
253,三星（SAMSUNG）,三星 Galaxy S20+ 5G(SM-G9860)双模5G 骁龙865 120Hz超感屏 游戏手机 12GB+128GB 遐想灰【购机补贴版】,7999,三星京东自营官方旗舰店,5000+
254,三星（SAMSUNG）,三星 Galaxy S20 Ultra 5G(SM-G9880)双模5G 骁龙865 1.08亿像素100倍变焦 12GB+256GB遐想灰【合约直降版】,9999,三星京东自营官方旗舰店,6000+
255,三星（SAMSUNG）,三星 Galaxy Z Flip 5G（SM-F7070） 折叠屏手机 双模5G 骁龙865+ 8GB+256GB 冷山灰【合约直降版】,12499,三星京东自营官方旗舰店,1000+
256,中兴（ZTE）,中兴ZTE 天机Axon 20 屏下摄像 6400万四摄 轻薄OLED屏 6GB+128GB 黑洞引力 A20双模全网通5G手机,2198,中兴京东自营官方旗舰店,8000+
257,vivo,vivo X50 Pro+ 5G手机 8+128GB 引力 超清一亿模式 高通骁龙865 60倍超级变焦 双模5G全网通手机【购机补贴版】,4998,vivo京东自营官方旗舰店,900+
258,vivo,vivo Y5s 6GB+128GB 流光银 超广角微距AI三摄 5000mAh大电池 移动联通电信全网通4G手机【购机补贴版】,1498,vivo京东自营官方旗舰店,8000+
259,vivo,vivo Y3标准版 3GB+64GB 绯玉红 5000mAh大电池 强劲续航手机 超广角AI智慧三摄 移动联通电信全网通4G手机【购机补贴版】,999,vivo京东自营官方旗舰店,2000+
260,vivo,vivo S6 5G 8GB+128GB 流光秘境礼盒版 前置3200万超清夜景自拍 4500mAh大电池 后置四摄 双模5G全网通手机【购机补贴版】,2598,vivo京东自营官方旗舰店,1000+
261,vivo,vivo Y70s 5G手机 8+128GB 月影黑  4500mAh大电池 双重解锁 后置3摄   双模5G全网通手机【购机补贴版】,2198,vivo京东自营官方旗舰店,2000+
262,vivo,vivo Y5s 6GB+128GB  璧玉青 超广角微距AI三摄 5000mAh大电池 移动联通电信全网通4G手机【购机补贴版】,1498,vivo京东自营官方旗舰店,6000+
263,vivo,vivo X50 Pro 5G手机 8+128GB 引力 微云台超感光主摄 60倍变焦 90Hz轻薄曲面屏 双模5G全网通手机【购机补贴版】,4298,vivo京东自营官方旗舰店,1000+
264,vivo,vivo Y3 4GB+128GB 初桃粉 5000mAh大电池 强劲续航手机 超广角AI智慧三摄 移动联通电信全网通4G手机【购机补贴版】,1298,vivo京东自营官方旗舰店,9000+
265,vivo,vivo Y3 4GB+128GB 孔雀蓝 5000mAh大电池 强劲续航手机 超广角AI智慧三摄 移动联通电信全网通4G手机【购机补贴版】,1298,vivo京东自营官方旗舰店,1万+
266,vivo,vivo Y3标准版 3GB+64GB 墨黛蓝 5000mAh大电池 强劲续航手机 超广角AI智慧三摄 移动联通电信全网通4G手机【购机补贴版】,999,vivo京东自营官方旗舰店,3000+
267,小米（MI）,小米10青春版 双模5G 骁龙765G 50倍潜望式变焦四摄 6GB+128GB 蓝莓薄荷 游戏手机【购机补贴版】,1999,小米京东自营旗舰店,1万+
268,OPPO,OPPO A52 8GB+128GB 凝光紫 5000mAh超大电池+18W疾速快充 星阵AI四摄 侧边指纹   【购机补贴版】,1599,OPPO京东自营官方旗舰店,1万+
269,OPPO,"京品手机	
OPPO Reno3 双模5G 6400万超清四摄 视频双防抖 7.96mm纤薄机身 12GB+128GB 月光白 视频手机【购机补贴版】",2699,OPPO京东自营官方旗舰店,7000+
270,OPPO,OPPO Reno4 65W超级闪充 视频超级防抖 双模5G 8GB+256GB 香芋紫 拍照游戏视频手机 【购机补贴版】,3299,OPPO京东自营官方旗舰店,4000+
271,OPPO,OPPO Ace2 8+256 梦幻紫 高通骁龙865 双模5G 65W超级闪充 40W无线闪充 90Hz电竞屏 游戏手机 【购机补贴版】,3999,OPPO京东自营官方旗舰店,1000+
272,OPPO,OPPO Reno4 Pro 65W超级闪充 7.6mm超轻薄设计 双模5G 8GB+128GB 晶钻蓝 拍照游戏视频手机 【购机补贴版】,3799,OPPO京东自营官方旗舰店,8000+
273,三星（SAMSUNG）,三星（SAMSUNG）Galaxy Note20 Ultra 5G （SM-N9860） )S Pen&三星笔记 120Hz自适应屏幕 5G手机 12GB+256GB,9499,三星（SAMSUNG）手机商用产品京东自营旗舰店,0
274,华为（HUAWEI）,华为 HUAWEI 畅享 10S 炫彩OLED屏幕指纹4800万超广角AI三摄4000mAh大电池6GB+128GB翡冷翠全网通双4G手机【购机补贴版】,1699,华为京东自营官方旗舰店,1万+
275,真我（realme）,realme 真我X7 Pro 120Hz柔性屏 仅184g 65W闪充6400万超广角四摄 C位色 8GB+128GB 游戏5g轻薄旗舰手机,2299,realme真我京东自营旗舰店,10万+
276,荣耀（HONOR）,荣耀30青春版 5G双模  4000mAh大电池 22.5W快充 4800万高感光拍摄 6GB+128GB 幻夜黑【购机补贴版】,1899,荣耀京东自营旗舰店,1万+
277,荣耀（honor）,荣耀30青春版 5G双模  4000mAh大电池 22.5W快充 4800万高感光拍摄 8GB+128GB 夏日彩虹【购机补贴版】,2199,荣耀京东自营旗舰店,5000+
278,Apple,Apple iPhone XR (A2108) 64GB 白色 移动联通电信4G手机 双卡双待【购机补贴版】,3999,Apple产品京东自营旗舰店,10万+
279,Apple,Apple iPhone 11 (A2223) 128GB 黑色 移动联通电信4G手机 双卡双待,4899,Apple产品京东自营旗舰店,400万+
280,天语（K-Touch）,"
天语（K-Touch）N2 老人手机 双侧边键 移动/联通 双卡双待 按键直板2G 防摔老年学生功能机 星空灰",109,天语手机京东自营官方旗舰店,1万+
281,小米（MI）,Redmi Note8Pro 6400万全场景四摄 液冷游戏芯 4500mAh长续航 NFC 18W快充 红外遥控 6GB+128GB 贝母白 游戏智能手机 小米 红米【购机补贴版】,1299,小米京东自营旗舰店,10万+
282,小米（MI）,Redmi 8A 5000mAh大电量 大字体大音量大内存 骁龙八核处理器 AI人脸解锁 莱茵护眼全面屏 4GB+64GB 深海蓝 游戏智能老人手机 小米 红米,699,小米京东自营旗舰店,40万+
283,小米（MI）,Redmi 8A 5000mAh大电量 大字体大音量大内存 骁龙八核处理器 AI人脸解锁 莱茵护眼全面屏 4GB+64GB 珊瑚橙 游戏智能老人手机 小米 红米,699,小米京东自营旗舰店,30万+
284,飞利浦（PHILIPS ）,飞利浦（PHILIPS）S610 水滴全面屏 人脸指纹双解锁 全网通4G 老人儿童学生智能手机 6GB+128GB 漠河夜,799,飞利浦手机京东自营旗舰店,9000+
285,vivo,vivo U3x 4GB+64GB 子夜黑 5000mAh大电池 18W双引擎闪充 超广角AI三摄 骁龙665处理器 全网通4G手机,949,vivo京东自营官方旗舰店,20万+
286,荣耀（HONOR）,荣耀Play3e 5.71英寸珍珠全面屏 3020mAh长续航老人手机 1300万大光圈相机 2GB+32GB 极光蓝 移动联通电信4G,699,荣耀京东自营旗舰店,3万+
287,酷派（Coolpad）,酷派 Coolpad 26臻藏版 AKG耳机礼盒版 真三摄水滴屏手机 6GB+128GB 骁龙710处理器 全网通4G手机 炭晶黑,1299,酷派京东自营旗舰店,1000+
288,金立（Gionee）,金立 Gionee K3 6GB+128GB 极光蓝 5000mAh大电池 后置双摄 6.2英寸水滴屏 微信8开 全网通4G 双卡双待,749,金立手机京东自营旗舰店,3万+
289,真我（realme）,realme 真我V3 5000mAh 超大电量 18W闪充 PD 3.0 1300万高清三摄 星海蓝 6GB+128GB 智能5g手机,1399,realme真我京东自营旗舰店,1万+
290,小米（MI）,小米10 至尊纪念版 双模5G 骁龙865 120HZ高刷新率 120倍长焦镜头 120W快充 8GB+256GB  透明版 游戏手机,5599,小米京东自营旗舰店,1万+
291,OPPO,OPPO Ace2 12+256 【OPPO智能运动手环套装】月岩灰 高通骁龙865 185g超薄机身 65W超级闪充 40W无线闪充,3799,OPPO京东自营官方旗舰店,1万+
292,OPPO,OPPO Ace2 【OPPO Enco W31无线耳机套装】8+256 月岩灰 高通骁龙865 双模5G 185g超薄机身 65W超级闪充,4098,OPPO京东自营官方旗舰店,2000+
293,三星（SAMSUNG）,三星 Galaxy Note20 5G（SM-N9810）8GB+256GB 迷雾金S Pen&三星笔记 专业视频拍摄 游戏手机 5G手机,6499,中国移动官方旗舰店,7
294,小米（MI）,Redmi K20Pro 尊享版 骁龙855Plus 索尼4800万超广角三摄  AMOLED弹出式全面屏 8GB+512GB 碳纤黑 游戏智能手机 小米 红米,2999,小米京东自营旗舰店,10万+
295,诺基亚（NOKIA）,诺基亚（NOKIA）105 新 黑色 直板按键 移动2G手机 老人老年手机 学生备用功能机 超长待机,149,诺基亚手机京东自营旗舰店,70万+
296,飞利浦（PHILIPS ）,飞利浦（PHILIPS） E517A 绚丽红 老人手机 移动联通电信三网4G 直板按键 儿童学生备用功能机4G 老年手机,299,飞利浦手机京东自营旗舰店,4000+
297,真我（realme）,realme 真我X7 Pro 120Hz柔性屏 仅184g 65W闪充6400万超广角四摄 C位色 8GB+128GB 游戏5g轻薄旗舰手机,2499,realme真我京东自营旗舰店,4万+
298,真我（realme）,realme 真我X7 Pro 120Hz柔性屏 仅184g 65W闪充6400万超广角四摄 星宇黑 8GB+128GB 游戏5g轻薄旗舰手机,2499,realme真我京东自营旗舰店,1万+
299,飞利浦（PHILIPS ）,飞利浦（PHILIPS）E515 曜石黑 移动联通电信三网4G 翻盖老人手机 WiFi热点 功能机4G 老年机 儿童学生备用机,499,飞利浦手机京东自营旗舰店,1万+
300,OPPO,OPPO Reno4 SE 65W超级闪充 3200万前置自拍 轻薄外观 8+128 超闪蓝 双模5G 拍照手机,2199,OPPO京东自营官方旗舰店,6万+
301,OPPO,OPPO A32 90Hz护眼灵点屏 5000mAh超大电池 长续航 18W疾速快充  全面屏拍照视频游戏手机 8GB+128GB 幻想蓝,1499,OPPO京东自营官方旗舰店,3万+
302,OPPO,OPPO Reno Ace 8GB+256GB 星际蓝 65W超级闪充 90Hz电竞屏 高通骁龙855Plus 4G智能游戏手机,2899,OPPO京东自营官方旗舰店,10万+
303,vivo,vivo X50 Pro+ 5G手机 8+256GB 引力 超清一亿模式 高通骁龙865 60倍超级变焦 双模5G全网通手机【购机补贴版】,5498,vivo京东自营官方旗舰店,3000+
304,vivo,vivo X27Pro 8GB+256GB大内存 黑珍珠 4800万AI三摄全面屏拍照手机 移动联通电信全网通4G手机【购机补贴版】,3298,vivo京东自营官方旗舰店,1万+
305,vivo,vivo S5 8GB+256GB 冰岛恋歌 前置3200万写真级自拍 4800万菱感四摄极点屏手机 全网通4G手机【购机补贴版】,2298,vivo京东自营官方旗舰店,4000+
306,vivo,"京品手机	
vivo S5 8GB+128GB 冰岛恋歌 前置3200万写真级自拍 4800万菱感四摄极点屏手机 全网通4G手机【购机补贴版】",1998,vivo京东自营官方旗舰店,1万+
307,荣耀（HONOR）,荣耀X10 Max 5G双模 7.09英寸超大屏对称式双扬声器 5000mAh大电池 全网通 8GB+128GB探速黑【购机补贴版】,2499,荣耀京东自营旗舰店,8000+
308,守护宝,守护宝(上海中兴易联) L8 直板 移动/联通2G 军绿色 三防老人机,139,守护宝手机京东自营旗舰店,6000+
309,小米（MI）,Redmi 10X 4G Helio G85游戏芯 4800万超清四摄 5020mAh大电量 小孔全面屏 128GB大存储 4GB+128GB 冰雾白 游戏智能手机 小米 红米【购机补贴版】,999,小米京东自营旗舰店,10万+
310,小米（MI）,Redmi 9 5020mAh大电量 1080P全高清大屏 大字体大音量大内存 全场景AI四摄 高性能游戏芯 6GB+128GB 碳素黑 游戏智能手机 小米 红米【购机补贴版】,1199,小米京东自营旗舰店,1万+
311,小米（MI）,Redmi 10X 4G Helio G85游戏芯 4800万超清四摄 5020mAh大电量 小孔全面屏 128GB大存储 6GB+128GB 松晨绿 游戏智能手机 小米 红米【购机补贴版】,1199,小米京东自营旗舰店,2万+
312,小米（MI）,Redmi 10X 4G Helio G85游戏芯 4800万超清四摄 5020mAh大电量 小孔全面屏 128GB大存储 6GB+128GB 冰雾白 游戏智能手机 小米 红米【购机补贴版】,1199,小米京东自营旗舰店,5万+
313,小米（MI）,Redmi 9 5020mAh大电量 1080P全高清大屏 大字体大音量大内存 全场景AI四摄 高性能游戏芯 4GB+128GB 霓虹蓝 游戏智能手机 小米 红米【购机补贴版】,999,小米京东自营旗舰店,1万+
314,小米（MI）,Redmi 9 大字体大音量大内存 全场景AI四摄 高性能游戏芯 6GB+128GB 霓虹蓝 游戏智能手机 小米 红米【购机补贴版】,1199,小米京东自营旗舰店,4000+
315,OPPO,OPPO Reno4 SE【王俊凯同款】 8+128 超闪黑 65W超级闪充 3200万前置自拍 169g轻薄外观 双模5G 拍照手机,2498,京东超体OPPO专卖店,6
316,荣耀（HONOR）,荣耀9X PRO 麒麟810液冷散热 4000mAh超强续航 4800万三摄 6.59英寸全网通8GB+256GB 幻夜黑【服务升级套装】,2599,荣耀京东自营旗舰店,1万+
317,荣耀（HONOR）,荣耀9X PRO 麒麟810液冷散热 4000mAh超强续航 4800万三摄 6.59英寸全网通8GB+128GB 幻夜黑【服务升级套装】,2399,荣耀京东自营旗舰店,3万+
318,荣耀（HONOR）,荣耀20S 李现同款 3200万超级夜景 4800万AI三摄 麒麟810芯片 全网通版8GB+128GB 蝶羽黑【服务升级套装】,2399,荣耀京东自营旗舰店,1万+
319,荣耀（HONOR）,荣耀20S 李现同款 3200万超级夜景 4800万AI三摄 麒麟810芯片 全网通版8GB+128GB 蝶羽蓝【服务升级套装】,2399,荣耀京东自营旗舰店,9000+
320,荣耀（HONOR）,荣耀20S 李现同款 3200万超级夜景 4800万AI三摄 麒麟810芯片 全网通版6GB+128GB 蝶羽白【服务升级套装】,2099,荣耀京东自营旗舰店,20万+
321,荣耀（HONOR）,荣耀20S 李现同款 3200万超级夜景 4800万AI三摄 麒麟810芯片 全网通版6GB+128GB 蝶羽黑【服务升级套装】,2099,荣耀京东自营旗舰店,10万+
322,三星（SAMSUNG）,三星 Galaxy A71 5G（SM-A7160）双模5G 6400万后置四摄 4500mAh大电池 8GB+128GB 镭丝黑【购机补贴版】,3199,三星京东自营官方旗舰店,8000+
323,真我（realme）,realme 真我Q2i 5000mAh 超大电量 18W闪充 PD 3.0 1300万高清三摄 月光银 4GB+128GB 智能5g 手机,998,realme真我京东自营旗舰店,2万+
324,真我（realme）,"京品手机	
realme 真我Q2 4800万像素 120Hz畅速屏 双5G天玑800U 冲浪蓝孩 6GB+128GB 30W闪充 手机 OPPO提供售后支持",1299,realme真我京东自营旗舰店,10万+
325,OPPO,OPPO A72 5G 4+128GB 氧气紫 90Hz全面屏 7.9mm超轻薄机身 18W快充 后置三摄AI拍照视频手机【购机补贴版】,1399,OPPO京东自营官方旗舰店,1万+
326,OPPO,OPPO A92s 120Hz畅感屏 前置双摄夜景自拍 侧边指纹 8GB+128GB 私语白 双模5G 全面屏拍照智能手机,2199,北京移动京东自营旗舰店,11
327,荣耀（HONOR）,荣耀9X 麒麟810 4000mAh超强续航 4800万超清夜拍 6.59英寸升降全面屏 全网通6GB+128GB 【购机补贴版】,1799,荣耀京东自营旗舰店,5万+
328,荣耀（HONOR）,荣耀20青春版 AMOLED屏幕指纹 4000mAh大电池 20W快充 4800万 手机 8GB+128GB 蓝水翡翠【购机补贴】,1799,荣耀京东自营旗舰店,4000+
329,荣耀（HONOR）,荣耀9X 麒麟810 4000mAh超强续航 4800万超清夜拍 6.59英寸升降全面屏 全网通6GB+128GB 【购机补贴版】,1799,荣耀京东自营旗舰店,6万+
330,vivo,vivo S7e 5G手机 8GB+128GB 黑镜 前置3200万AI智慧美颜 后置6400万超高清主摄 双模5G全网通手机,2198,vivo京东自营官方旗舰店,2万+
331,索爱（soaiy）,索爱（soaiy）Z58骑士黑 三防翻盖老人手机移动联通2G 双卡双待双屏超长待机超大音量 老年功能机 语音播报,199,索爱（soaiy）手机京东自营旗舰店,5000+
332,索爱（soaiy）,索爱（soaiy）T3 幻海蓝 三防直板老人手机 移动联通2G 双卡双待 超长待机 超大声语音播报 老年功能机,139,索爱（soaiy）手机京东自营旗舰店,5000+
333,Apple,Apple iPhone 12 Pro (A2408) 128GB 海蓝色 支持移动联通电信5G 双卡双待手机,8499,Apple产品京东自营旗舰店,10万+
334,Apple,Apple iPhone 12 (A2404) 128GB 白色 支持移动联通电信5G 双卡双待手机,6799,Apple产品京东自营旗舰店,60万+
335,小米（MI）,Redmi 8A 5000mAh大电量 大字体大音量大内存 骁龙八核处理器 AI人脸解锁 莱茵护眼全面屏 4GB+64GB 耀夜黑 游戏智能老人手机 小米 红米,699,小米京东自营旗舰店,100万+
336,金立（Gionee）,金立（Gionee）M40 Pro 8+256GB 银钻灰 4000mAh大电池 后置单摄 6.53英寸水滴屏 微信8开 全网通4G 双卡双待,999,金立手机京东自营旗舰店,2000+
337,纽曼（Newman）,纽曼 Newman L8 中国红 4G全网通 移动联通电信老人手机 双卡双待 大字大声 超长待机老年机 老年备用功能机,188,纽曼京东自营官方旗舰店,1000+
338,Apple,Apple iPhone 12 (A2404) 64GB 绿色 支持移动联通电信5G 双卡双待手机 换购版,6299,Apple产品京东自营旗舰店,1万+
339,真我（realme）,"京品手机	
realme 真我Q2 4800万像素 120Hz畅速屏 双5G天玑800U 银翼少年 6GB+128GB 30W闪充 手机 OPPO提供售后支持",1399,realme真我京东自营旗舰店,5万+
340,真我（realme）,"京品手机	
realme 真我Q2 4800万像素 120Hz畅速屏 双5G天玑800U 冲浪蓝孩 6GB+128GB 30W闪充 手机 OPPO提供售后支持",1399,realme真我京东自营旗舰店,7万+
341,真我（realme）,"京品手机	
realme 真我Q2 4800万像素 120Hz畅速屏 双5G天玑800U 冲浪蓝孩 6GB+128GB 30W闪充 手机 OPPO提供售后支持",1399,realme真我京东自营旗舰店,7万+
342,真我（realme）,"京品手机	
realme 真我Q2 4800万像素 120Hz畅速屏 双5G天玑800U 银翼少年 4GB+128GB 30W闪充 手机 OPPO提供售后支持",1299,realme真我京东自营旗舰店,1万+
343,Apple,Apple iPhone 12 (A2404) 128GB 蓝色 支持移动联通电信5G 双卡双待手机,6799,中国移动官方旗舰店,200+
344,Apple,Apple iPhone 12 (A2404) 128GB 绿色 支持移动联通电信5G 双卡双待手机,6799,中国移动官方旗舰店,100+
345,vivo,vivo S1 冰原黑 2480万AI高清自拍 超广角后置三摄拍照手机 全网通4G手机 6GB+256GB,1998,vivo京东自营官方旗舰店,0
346,vivo,vivo S1 宠爱粉 2480万AI高清自拍 超广角后置三摄拍照手机 全网通4G手机 6GB+256GB,1998,vivo京东自营官方旗舰店,0
347,vivo,vivo S1 冰湖蓝 2480万AI高清自拍 超广角后置三摄拍照手机 全网通4G手机 6GB+256GB,1998,vivo京东自营官方旗舰店,0
348,Apple,Apple iPhone 12 mini (A2400) 128GB 黑色 手机 支持移动联通电信5G,5999,北京移动京东自营旗舰店,11
349,Apple,Apple iPhone 12 mini (A2400) 128GB 红色 手机 支持移动联通电信5G,5999,北京移动京东自营旗舰店,5
350,Apple,Apple iPhone 12 mini (A2400) 64GB 黑色 手机 支持移动联通电信5G,5499,北京移动京东自营旗舰店,1
351,天语（K-Touch）,天语（K-Touch）V9 双屏翻盖老人手机超长待机 移动联通2G双卡双待老年手机 手写功能机 典雅黑,199,天语手机京东自营官方旗舰店,2万+
352,Apple,Apple iPhone 12 mini (A2400) 128GB 红色 手机 支持移动联通电信5G,5999,中国联通京东自营旗舰店,72
353,纽曼（Newman）,纽曼（Newman）N97全网通4G老人机 双屏翻盖手机 移动联通电信三网老年手机 双卡双待 儿童学生备用机 宝石蓝,299,纽曼京东自营官方旗舰店,7000+
354,Apple,Apple iPhone 12 (A2404) 64GB 白色 支持移动联通电信5G 双卡双待手机,6299,中国联通京东自营旗舰店,600+
355,Apple,Apple iPhone 12 Pro (A2408) 256GB 金色 支持移动联通电信5G 双卡双待手机,9299,中国联通京东自营旗舰店,100+
356,荣耀（honor）,荣耀X10  5G双模 麒麟820 4300mAh续航 4000万高感光影像系统 6.63英寸升降全面屏 全网通 8GB+128GB 竞速蓝,2399,荣耀京东自营旗舰店,4万+
357,朵唯（DOOV）,朵唯（DOOV）D11Pro 6GB+64GB 迷影蓝 智能手机 4G全网通 老人学生双卡双待手机,529,朵唯手机京东自营旗舰店,1万+
358,京崎（TOOKY）,京崎（TOOKY）X9 老人手机 移动/联通 双卡双待 按键直板 超长待机 老年学生备用功能机 黑色,119,京崎（TOOKY）手机京东自营旗舰店,2000+
359,守护宝,守护宝（上海中兴易联）F666 军绿色 三防电霸 超长待机 移动联通2G 双卡双待老人手机 学生旅游备机,169,守护宝手机京东自营旗舰店,2000+
360,京崎（TOOKY）,京崎（TOOKY）X8 老人手机 超长待机 移动/联通2G 双卡双待 三防户外直板按键老年学生备用功能手机 黑色,109,京崎（TOOKY）手机京东自营旗舰店,9000+
361,索尼（SONY）,索尼（SONY）Xperia5 II 5G智能手机 骁龙865 6.1英寸 21：9 120Hz OLED屏 游戏支持 黑色【购机补贴版】,5999,SONY京东自营官方旗舰店,1000+
362,索尼（SONY）,索尼（SONY）Xperia1 II 5G智能手机 4K屏 骁龙865 12G+256G 蔡司镀膜 拍照游戏 夜砚黑【购机补贴版】,7999,SONY京东自营官方旗舰店,1000+
363,索尼（SONY）,索尼（SONY）Xperia5 II 5G智能手机 骁龙865 6.1英寸 21：9 120HzOLED屏 游戏支持 蓝色【购机补贴版】,5999,SONY京东自营官方旗舰店,1000+
364,华为（HUAWEI）,华为 HUAWEI Mate40Pro (NOH-AN00) 秘银色 8G+128G全网通权益版 5G手机,6499,中国移动官方旗舰店,500+
365,Apple,Apple iPhone 12 mini (A2400) 64GB 黑色 手机 支持移动联通电信5G,5499,中国电信自营旗舰店,82
366,锤子（smartisan）,锤子(smartisan) 坚果Pro3 8GB+256GB 黑色 骁龙855PLUS 4800万四摄 UFS3.0 全网通双卡双待 全面屏游戏手机,2699,坚果手机京东自营官方旗舰店,6万+
367,Apple,Apple iPhone 12 Pro Max (A2412) 128GB 石墨色 支持移动联通电信5G 双卡双待手机,9299,中国电信自营旗舰店,63
368,苹果（Apple）,苹果（Apple）iPhone 12 mini (A2400) 256GB 绿色 全网通5G手机,6799,联通京东自营旗舰店,8
369,Apple,苹果（Apple）iPhone 12 mini (A2400) 128GB 红色 全网通5G手机,5999,联通京东自营旗舰店,6
370,Apple,苹果（Apple）iPhone 12 mini (A2400) 128GB 黑色 全网通5G手机,5999,联通京东自营旗舰店,7
371,Apple,苹果（Apple）iPhone 12 mini (A2400) 64GB 红色 全网通5G手机,5499,联通京东自营旗舰店,3
372,苹果（Apple）,苹果（Apple）iPhone 12 mini (A2400) 64GB 白色 全网通5G手机,5499,联通京东自营旗舰店,7
373,苹果（Apple）,苹果（Apple）iPhone 12 Pro (A2408) 512GB 金色 全网通5G 双卡双待手机,11099,联通京东自营旗舰店,1
374,苹果（Apple）,苹果（Apple）iPhone 12 Pro (A2408) 128GB 银色 全网通5G 双卡双待手机,8499,联通京东自营旗舰店,0
375,苹果（Apple）,苹果（Apple）iPhone 12 Pro (A2408) 256GB 石墨色 全网通5G 双卡双待手机,9299,联通京东自营旗舰店,2
376,苹果（Apple）,苹果（Apple）iPhone 12 mini (A2400) 256GB 白色 全网通5G手机,6799,联通京东自营旗舰店,5
377,苹果（Apple）,苹果（Apple）iPhone 12 mini (A2400) 256GB 黑色 全网通5G手机,6799,联通京东自营旗舰店,8
378,Apple,苹果（Apple）iPhone 12 mini (A2400) 128GB 蓝色 全网通5G手机,5999,联通京东自营旗舰店,9
379,苹果（Apple）,苹果（Apple）iPhone 12 Pro Max (A2412) 512GB 金色 全网通5G 双卡双待手机,11899,联通京东自营旗舰店,0
380,苹果（Apple）,苹果（Apple）iPhone 12 Pro Max (A2412) 512GB 海蓝色 全网通5G 双卡双待手机,11899,联通京东自营旗舰店,0
381,苹果（Apple）,苹果（Apple）iPhone 12 mini (A2400) 64GB 绿色 全网通5G手机,5499,联通京东自营旗舰店,5
382,苹果（Apple）,苹果（Apple）iPhone 12 (A2404) 256GB 红色 全网通5G 双卡双待手机,7599,联通京东自营旗舰店,6
383,苹果（Apple）,苹果（Apple）iPhone 12 (A2404) 128GB 红色 全网通5G 双卡双待手机,6799,联通京东自营旗舰店,13
384,苹果（Apple）,苹果（Apple）iPhone 12 (A2404) 128GB 绿色 全网通5G 双卡双待手机,6799,联通京东自营旗舰店,23
385,Apple,苹果（Apple）iPhone 12 (A2404) 64GB 红色 全网通5G 双卡双待手机,6299,联通京东自营旗舰店,2
386,苹果（Apple）,苹果（Apple）iPhone 12 (A2404) 128GB 黑色 全网通5G 双卡双待手机,6799,联通京东自营旗舰店,21
387,Apple,苹果（Apple）iPhone 12  (A2404) 64GB 蓝色 全网通5G 双卡双待手机,6299,联通京东自营旗舰店,0
388,苹果（Apple）,苹果（Apple）iPhone 12 Pro (A2408) 512GB 石墨色 全网通5G 双卡双待手机,11099,联通京东自营旗舰店,0
389,苹果（Apple）,苹果（Apple）iPhone 12 Pro (A2408) 128GB 海蓝色 全网通5G 双卡双待手机,8499,联通京东自营旗舰店,2
390,苹果（Apple）,苹果（Apple）iPhone 12 (A2404) 256GB 蓝色 全网通5G 双卡双待手机,7599,联通京东自营旗舰店,4
391,三星（SAMSUNG）,三星Galaxy Note20 Ultra 5G(SM-N9860)S Pen&三星笔记 120Hz自适应屏幕 12GB+256GB 迷雾金【购机补贴版】,9199,三星京东自营官方旗舰店,6000+
392,三星（SAMSUNG）,三星Galaxy Note20 Ultra 5G(SM-N9860)S Pen&三星笔记 5G手机 游戏手机 12GB+512GB 迷雾金【购机补贴版】,9999,三星京东自营官方旗舰店,1000+
393,三星（SAMSUNG）,三星Galaxy Note20 Ultra 5G(SM-N9860)S Pen&三星笔记 5G手机 游戏手机 12GB+256GB 初露白【购机补贴版】,9199,三星京东自营官方旗舰店,3000+
394,vivo,"京品手机	
vivo iQOO U1 6GB+128GB 星耀蓝 骁龙720G 4500mAh大电池 18W闪充超强续航 全网通拍照大屏幕手机 iqoou1【购机补贴版】",1398,vivo京东自营官方旗舰店,2万+
395,三星（SAMSUNG）,三星 Galaxy Z Flip 5G（SM-F7070） 折叠屏手机 双模5G 骁龙865+ 8GB+256GB 秘境白【购机补贴版】,12499,三星京东自营官方旗舰店,600+
396,三星（SAMSUNG）,三星 Galaxy S20 Ultra 5G(SM-G9880)双模5G 骁龙865 1.08亿像素 16GB+512GB 遐想灰【购机补贴版】,11199,三星京东自营官方旗舰店,1000+
397,vivo,"京品手机	
vivo iQOO Z1 8GB+128GB 星河银 天玑1000Plus旗舰芯片 144Hz竞速屏 44W超快闪充 双模5G全网通手机  iqooz1",2298,vivo京东自营官方旗舰店,8万+
398,vivo,vivo iQOO 3 5G 12GB+256GB 拉力橙 高通骁龙865 55W超快闪充 专业电竞游戏体验手机 双模5G全网通手机【购机补贴版】,3998,vivo京东自营官方旗舰店,3000+
399,vivo,vivo X50 Pro+ alexanderwang王大仁联名限定版手机 12+256GB 超清一亿模式 高通骁龙865 5G手机【购机补贴版】,5998,vivo京东自营官方旗舰店,200+
400,vivo,vivo iQOO 5 皓影 12GB+256GB 120Hz柔性屏 骁龙865 KPL专业电竞游戏手机 双模5G全网通手机vivoiqoo5【购机补贴版】,4598,vivo京东自营官方旗舰店,8000+
401,天语（K-Touch）,"
天语（K-Touch）V9C 双屏翻盖老人手机超长待机 电信2G老人机 大音量 老年手机 备用功能机 中国红",269,天语手机京东自营官方旗舰店,1万+
402,纽曼（Newman）,纽曼（Newman）V998 耀石黑 透明翻盖老人手机 移动联通 手写触屏 超长待机 双卡双待老年机 学生备用功能机,299,纽曼京东自营官方旗舰店,1000+
403,Apple,Apple iPhone 12 (A2404) 128GB 蓝色 支持移动联通电信5G 双卡双待手机,6799,河南电信京东自营旗舰店,100+
404,京崎（TOOKY）,京崎（TOOKY）A9 智能老人手机 4G全网通 5000毫安大电量 水滴屏 大字大声 电信 学生备用老年手机 陨石黑,399,京崎（TOOKY）手机京东自营旗舰店,3000+
405,真我（realme）,realme 真我Q2i 5000mAh 超大电量 18W闪充 PD 3.0 1300万高清三摄 星海蓝 4GB+128GB 智能5g手机,998,realme真我京东自营旗舰店,1万+
406,天语（K-Touch）,天语（K-Touch）S6 4G老人手机 移动/联通/电信三网双卡双待 直板按键 学生儿童备用功能机老年手机 魅力红,169,天语手机京东自营官方旗舰店,8000+
407,天语（K-Touch）,天语（K-Touch）S6 4G老人手机 移动/联通/电信三网双卡双待 直板按键 学生儿童备用功能机老年手机 铂光金,169,天语手机京东自营官方旗舰店,1000+
408,飞利浦（PHILIPS ）,飞利浦（PHILIPS）E107 移动联通2G 老人手机 老年功能机 老年手机 学生备用机 儿童手机 星空黑,109,飞利浦手机京东自营旗舰店,4万+
409,京崎（TOOKY）,京崎(TOOKY) X5 老年老人手机移动联通2G语音报名大字大声双卡双待超长待机学生备用功能直板按键手机中国红,158,京崎（TOOKY）手机京东自营旗舰店,2000+
410,小米（MI）,Redmi 8 5000mAh大电量 大字体大音量大内存 3D四曲面机身 AI双摄 骁龙八核处理器 AI人脸解锁 4GB+64GB 碳岩灰 游戏智能手机 小米 红米【购机补贴版】,799,小米京东自营旗舰店,2万+
411,小米（MI）,Redmi 9 大字体大音量大内存 全场景AI四摄 高性能游戏芯 6GB+128GB 墨黛青 游戏智能手机 小米 红米【购机补贴版】,1199,小米京东自营旗舰店,2000+
412,小米（MI）,Redmi 9 5020mAh大电量 1080P全高清大屏 大字体大音量大内存 全场景AI四摄 高性能游戏芯 4GB+64GB 藕荷粉 游戏智能手机 小米 红米【购机补贴版】,799,小米京东自营旗舰店,9万+
413,小米（MI）,Redmi K30 王一博同款 120Hz流速屏 前置挖孔双摄 索尼6400万后置四摄 4500mAh超长续航 27W快充 8GB+128GB 深海微光 游戏智能手机 小米 红米【购机补贴版】,1599,小米京东自营旗舰店,10万+
414,三星（SAMSUNG）,三星 Galaxy Z Flip（SM-F7000） 超感官灵动折叠屏 8GB+256GB 撒哈拉金【购机补贴版】,7999,三星京东自营官方旗舰店,700+
415,三星（SAMSUNG）,三星 Galaxy Z Flip（SM-F7000） 超感官灵动折叠屏 8GB+256GB 潘多拉紫【购机补贴版】,7999,三星京东自营官方旗舰店,5000+
416,Apple,【购机补贴版】Apple iPhone 12 (A2404) 128GB 黑色 支持移动联通电信5G 双卡双待手机,6799,Apple产品京东自营旗舰店,10万+
417,Apple,【赠卡首月免月租】Apple iPhone 12 (A2404) 128GB 黑色 支持移动联通电信5G 双卡双待手机,6799,中国移动终端京东自营旗舰店,7万+
418,诺基亚（NOKIA）,诺基亚 NOKIA 110 黑色 直板按键 移动2G手机 双卡双待 老人老年手机 学生备用功能机 超长待机,179,诺基亚手机京东自营旗舰店,2万+
419,一加,一加手机 OnePlus 8T 5G旗舰 120Hz柔性直屏 65W闪充 高通骁龙865 超清四摄  8GB+128GB 青域 拍照游戏手机,3399,一加手机京东自营官方旗舰店,1万+
420,华为（HUAWEI）,华为 HUAWEI Mate 30E Pro 5G麒麟990E SoC芯片 双4000万徕卡电影影像 8GB+256GB青山黛全网通手机,5799,华为京东自营官方旗舰店,6000+
421,天语（K-Touch）,天语HD1 护眼模式 全面屏智能手机 大字体大音量大内存 4G全网通 双卡双待 6GB+64GB 极光蓝,599,天语手机京东自营官方旗舰店,2万+
422,魅族（meizu）,魅族16T 三摄拍照大屏娱乐游戏手机 8GB+128G 日光橙 骁龙855 4500mAh大电池 超广角 全网通4G双卡双待,2299,魅族京东自营旗舰店,6万+
423,Apple,Apple iPhone 12 (A2404) 64GB 红色 支持移动联通电信5G 双卡双待手机,6299,陕西电信京东自营旗舰店,4
424,Apple,Apple iPhone 12 mini (A2400) 64GB 白色 手机 支持移动联通电信5G,5499,陕西电信京东自营旗舰店,16
425,OPPO,OPPO Reno4 SE 65W超级闪充 3200万前置自拍 轻薄外观 8+128 超闪蓝 双模5G 拍照手机,2499,陕西电信京东自营旗舰店,3
426,OPPO,OPPO A32(PDVM00)90Hz灵点屏 5000mAh超大电池长续航 18W极速闪充 全面屏拍照视频游戏手机 8G+128G 薄荷绿,1499,中国移动官方旗舰店,100+
427,守护宝,守护宝（上海中兴）L108 黑色 移动联通2G 老人机 双卡双待 直板按键 老年手机 功能儿童学生手机,139,守护宝手机京东自营旗舰店,100+
428,小米（MI）,小米CC9 Pro 1亿像素 五摄四闪 10倍混合光学变焦 5260mAh 屏下指纹 暗夜魅影 6GB+128GB 游戏智能拍照手机,2799,小米京东自营旗舰店,8万+
429,OPPO,OPPO Reno10倍变焦版 高通骁龙855 4800万超清三摄 6GB+256GB 雾海绿 全网通 全面屏拍照智能游戏手机,3999,没有找到店铺 - -！,0
430,OPPO,OPPO Reno2 4800万变焦四摄 视频防抖 6.5英寸阳光护眼全面屏 8GB+128GB 薄雾粉 拍照游戏智能手机,2999,没有找到店铺 - -！,10
431,OPPO,OPPO Reno10倍变焦版 高通骁龙855 4800万超清三摄 6GB+128GB 雾海绿 全网通 全面屏拍照智能游戏手机,3699,没有找到店铺 - -！,0
432,OPPO,OPPO Reno Z 4800万超清像素 超清夜景2.0 VOOC闪充 8GB+128GB 极夜黑 全面屏拍照智能游戏手机,2199,没有找到店铺 - -！,0
433,OPPO,OPPO Reno Z 4800万超清像素 超清夜景2.0 VOOC闪充 8GB+128GB 星辰紫 全面屏拍照智能游戏手机,2199,没有找到店铺 - -！,0
434,OPPO,OPPO Find X曲面全景屏 8GB+128GB 冰珀蓝 全网通 移动联通电信全网通4G 双卡双待手机,3299,没有找到店铺 - -！,0
435,索爱（soaiy）,索爱（soaiy）Z6全网通翻盖4G手机移动联通电信 双卡双待老人机大字大声超长待机全语音儿童学生备用机铁灰色,359,索爱（soaiy）手机京东自营旗舰店,2万+
436,索爱（soaiy）,索爱（soaiy）M8 6GB+128GB月光白 4G全网通老人学生智能手机水滴全面屏 八核游戏拍照指纹人脸解锁,799,索爱（soaiy）手机京东自营旗舰店,2000+
437,OPPO,OPPO Find X 波尔多红 8GB+256GB 全网通 移动联通电信全网通4G 双卡双待手机,3599,没有找到店铺 - -！,0
438,OPPO,OPPO Find X 冰珀蓝 8GB+256GB 全网通 移动联通电信全网通4G 双卡双待手机,3599,没有找到店铺 - -！,0
439,Apple,Apple 苹果 iPhone 12 mini 256GB 蓝色 5G 手机,6799,上海移动京东官方自营旗舰店,77
440,中兴（ZTE）,中兴 ZTE V2021 5G深空灰 6GB+128GB 全网通4800万高清三摄大字体时光机孝心机备用机游戏智能双模5G老人手机,1298,中兴京东自营官方旗舰店,5000+
441,纽曼（Newman）,纽曼 Newman F9-4G 雅典黑 4G全网通 移动联通电信双屏翻盖老人手机 超长待机老年机 儿童学生备用手机,269,纽曼京东自营官方旗舰店,1000+
442,OPPO,OPPO Reno5 5G 6400万水光人像四摄 65W超级闪充  12+256GB 星河入梦 全网通手机,2999,OPPO京东自营官方旗舰店,10万+
443,OPPO,OPPO Reno5 Pro 5G 6400万人像四摄 65W超级闪充  8+128 星河入梦 全网通手机,3399,OPPO京东自营官方旗舰店,5万+
444,Apple,Apple iPhone12 256GB 蓝色【门店专享】【陕西】,7599,没有找到店铺 - -！,8
445,海信（Hisense）,海信（Hisense）A7 阅读手机A7 6.7英寸水墨屏 电纸书阅读器 6GB+128GB 全网通5G手机 曜石黑,1999,海信手机京东自营旗舰店,7000+
446,联想（lenovo）,联想乐檬K12 6.5英寸超大屏 4800万AI双摄 5000mAh大电池超长续航 4GB+64GB 4G全网通 拍照游戏手机 渐变蓝,799,联想手机京东自营官方旗舰店,2000+
447,酷派（Coolpad）,酷派（Coolpad）COOL 9A 4+64GB 全面屏智能手机 全网通4G 人脸指纹双解锁 老人儿童学生备用手机 晴空蓝,599,酷派京东自营旗舰店,5000+
448,OPPO,OPPO Reno5 Pro 5G 6400万人像四摄 65W超级闪充 12+256GB 星河入梦 全网通手机,3799,OPPO京东自营官方旗舰店,5万+
449,OPPO,OPPO Reno4 SE 8+128 超闪黑 65W超级闪充 3200万前置自拍 轻薄外观 双模5G 拍照手机,2499,广西电信京东自营旗舰店,1
450,联想（lenovo）,联想乐檬K12Pro  6000mAh大电池  6.8英寸大屏 6400万AI三摄 骁龙662 4GB+64GB 全网通 拍照游戏手机 墨青色,999,联想手机京东自营官方旗舰店,3000+
451,OPPO,OPPO Reno4 SE 8+256 超闪蓝 65W超级闪充 3200万前置自拍 轻薄外观 双模5G 拍照手机,2799,广东联通京东自营旗舰店,0
452,Apple,Apple iPhone 12 (A2404) 128GB 黑色 支持移动联通电信5G 双卡双待手机,6799,广东联通京东自营旗舰店,20
453,Apple,Apple iPhone 12 mini (A2400) 64GB 红色 手机 支持移动联通电信5G,5499,广东联通京东自营旗舰店,5
454,vivo,vivo S7e活力版 5G手机 8GB+128GB 银月 前置3200万超清自拍 后置6400万超高清主摄 双模5G全网通手机,2198,vivo京东自营官方旗舰店,2万+
455,vivo,vivo Y30标准版 6GB+128GB 极光色 5000mAh大电池 疾速侧面指纹解锁 全网通智能手机,1398,vivo京东自营官方旗舰店,2万+
456,vivo,vivo Y52s 5G手机 8GB+128GB 莫奈彩 5000mAh大电池 4800万影像系统 90Hz灵动护眼屏 双模5G全网通手机,1798,vivo京东自营官方旗舰店,2万+
457,天语（K-Touch）,天语（K-Touch）X71 老人手机 双侧快捷键 移动/联通2G双卡双待老年手机 全语音王超长待机 学生功能机 红色,129,天语手机京东自营官方旗舰店,2万+
458,真我（realme）,realme 真我Q2 Pro 4800万四摄 65W智慧闪充 仅175g超轻超薄 C位色 8GB+128GB  双5g游戏手机,1799,realme真我京东自营旗舰店,2万+
459,Apple,Apple iPhone 11 Pro (A2217) 64GB 金色 移动联通电信4G手机 双卡双待【购机补贴版】,6899,Apple产品京东自营旗舰店,1万+
460,vivo,vivo X60 Pro+ 12GB+256GB 深海蓝 5G手机 微云台双主摄 蔡司联合影像系统 5nm高通骁龙888旗舰芯片,5998,vivo京东自营官方旗舰店,3000+
461,vivo,vivo X60 8GB+128GB 原力 5G手机 蔡司光学镜头 微云台黑光夜视2.0 三星5nm旗舰芯片 双模5G全网通手机,3498,vivo京东自营官方旗舰店,3万+
462,vivo,vivo X60 Pro 12GB+256GB 原力 5G手机 蔡司光学镜头 超稳微云台四摄 三星5nm旗舰芯片 双模5G全网通手机,4498,vivo京东自营官方旗舰店,1万+
463,vivo,vivo X60 8GB+256GB 原力 5G手机 蔡司光学镜头 微云台黑光夜视2.0 三星5nm旗舰芯片 双模5G全网通手机,3798,vivo京东自营官方旗舰店,3万+
464,小米（MI）,Redmi Note 9 4G 6000mAh大电池 骁龙662处理器  18W快充 羽墨黑 6GB+128GB 游戏智能手机 小米 红米【购机补贴版】,1099,小米京东自营旗舰店,10万+
465,OPPO,OPPO Reno5 Pro 5G  6400万水光人像四摄 65W超级闪充 8+128 月夜黑 全网通手机,3399,中国电信自营旗舰店,11
466,三星（SAMSUNG）,三星 SAMSUNG Fold 夜雾银 12GB折叠屏【购机补贴版】,15999,三星京东自营官方旗舰店,1000+
467,华为（HUAWEI）,华为 HUAWEI nova 8 Pro 麒麟985 5G SoC芯片 Vlog视频双镜头 120Hz环幕屏8GB+128GB 绮境森林全网通5G手机,3999,华为京东自营官方旗舰店,4万+
468,华为（HUAWEI）,华为 HUAWEI nova 8 麒麟985 5G SoC芯片 6400万魅力四摄 66W华为超级快充8GB+128GB 绮境森林全网通5G手机,3299,华为京东自营官方旗舰店,7万+
469,京崎（TOOKY）,"
京崎（TOOKY）A1S  4G全网通大屏老人手机 移动联通电信三网4G 双卡双待直板按键 学生备用老年手机 典雅黑",188,京崎（TOOKY）手机京东自营旗舰店,1000+
470,OPPO,OPPO Reno5 Pro 5G 6400万人像四摄  8+128 极光蓝 全网通手机,3398,没有找到店铺 - -！,2
471,OPPO,OPPO  OPPO Reno5 Pro 5G 6400万人像四摄  8+128 星河入梦 全网通手机,3398,没有找到店铺 - -！,2
472,OPPO,OPPO Reno5 Pro 5G6400万人像四摄 65W超级闪充 12+256GB 星河入梦 全网通手机【购机补贴版】,3799,OPPO京东自营官方旗舰店,2万+
473,vivo,vivo Y3s 4GB+128GB 暗夜蓝 5000mAh大电池 AI智慧双摄 面部识别 全网通智能手机【购机补贴版】,1198,vivo京东自营官方旗舰店,4000+
474,vivo,vivo S7e 5G手机 8GB+128GB 幻砂星海 前置3200万AI智慧美颜 后置6400万超高清主摄 双模5G全网通手机【购机补贴版】,2398,vivo京东自营官方旗舰店,3000+
475,vivo,vivo Y3s 4GB+64GB 暗夜蓝 5000mAh大电池 AI智慧双摄 面部识别 全网通智能手机【购机补贴版】,1098,vivo京东自营官方旗舰店,1000+
476,vivo,vivo Y52s 5G手机 8GB+128GB 钛空灰 5000mAh大电池 4800万影像系统 90Hz灵动护眼屏 双模5G全网通手机【购机补贴版】,1798,vivo京东自营官方旗舰店,6000+
477,vivo,vivo Y73s 5G手机 6GB+128GB 银月 AMOLED高清护眼屏 4800万影像系统 5G全网通智能手机【购机补贴版】,1798,vivo京东自营官方旗舰店,1000+
478,vivo,vivo Y73s 5G手机 8GB+128GB 浮光 AMOLED高清护眼屏 4800万影像系统 5G全网通智能手机【购机补贴版】,1998,vivo京东自营官方旗舰店,1000+
479,vivo,vivo Y3s 4GB+128GB 绯玉红 5000mAh大电池 AI智慧双摄 面部识别 全网通智能手机【购机补贴版】,1198,vivo京东自营官方旗舰店,2000+
480,vivo,vivo Y3s 4GB+64GB 海风青 5000mAh大电池 AI智慧双摄 面部识别 全网通智能手机【购机补贴版】,1098,vivo京东自营官方旗舰店,1000+
481,OPPO,OPPO Reno5 Pro 5G6400万人像四摄 65W超级闪充 12+256GB 星河入梦 全网通手机,3799,北京移动京东自营旗舰店,3
482,Apple,Apple iPhone 12 Pro Max（A2412） 256GB 银色 支持移动联通电信5G 双卡双待手机,11087,中国移动官方旗舰店,0
483,真我（realme）,realme 真我V15 6400万像素 50W智慧闪充 仅179g 锦鲤色 6GB+128GB 双5g游戏手机,1499,realme真我京东自营旗舰店,3万+
484,小米（MI）,小米11 5G 骁龙888 2K AMOLED四曲面柔性屏 1亿像素 55W有线闪充 50W无线闪充 8GB+256GB 蓝色 游戏手机,4299,小米京东自营旗舰店,20万+
485,小米（MI）,小米11 5G 骁龙888 2K AMOLED四曲面柔性屏 1亿像素 55W有线闪充 50W无线闪充 8GB+256GB 蓝色 游戏手机,4299,小米京东自营旗舰店,3万+
486,Apple,Apple iPhone 12 Pro (A2408) 512GB 金色 支持移动联通电信5G 双卡双待手机,11099,四川移动京东自营旗舰店,0
487,Apple,Apple iPhone 12 Pro (A2408) 256GB 金色 支持移动联通电信5G 双卡双待手机,9299,四川移动京东自营旗舰店,4
488,vivo,vivo iQOO 7 12GB+256GB 传奇版 骁龙888 120W超快闪充 KPL官方赛事电竞手机 双模5G全网通vivoiqoo7,4198,vivo京东自营官方旗舰店,6万+
489,飞利浦（PHILIPS ）,飞利浦S610 水滴全面屏 6.088英寸 人脸指纹双解锁 全网通4G智能手机双卡双待学生老年手机 4GB+64GB茶卡蓝,639,飞利浦手机京东自营旗舰店,5000+
490,天语（K-Touch）,天语（K-Touch）V1 全网通4G翻盖老人手机移动联通电信智能老年手机 双卡双待老人机 老年学生备用机 中国红,329,天语手机京东自营官方旗舰店,200+
491,OPPO,OPPO Reno4 SE 65W超级闪充 3200万前置自拍 轻薄外观  双模5G 拍照手机 8+128 超闪蓝,2199,联通京东自营旗舰店,800+
492,OPPO,OPPO A8 多功能AI三摄 4230mAh大电池 6.5英寸水滴屏 美颜拍照智能手机 4GB+64GB 秘夜黑,999,联通京东自营旗舰店,2000+
493,Apple,Apple苹果iPhone 11 Pro Max大屏手机 双卡双待 金色 64GB,7999,四川移动京东自营旗舰店,8
494,Apple,Apple苹果iPhone 11 Pro Max大屏手机 双卡双待 金色 64GB,7999,四川电信京东自营旗舰店,7
495,Apple,Apple 苹果 iPhone 12mini 全网通5G小屏单卡手机 蓝色 128GB,5999,四川联通京东自营旗舰店,10
496,Apple,Apple iPhone 12 Pro (A2408) 256GB 石墨色 支持移动联通电信5G 双卡双待手机,9299,四川移动京东自营旗舰店,8
497,Apple,Apple iPhone 12 Pro (A2408) 256GB 石墨色 支持移动联通电信5G 双卡双待手机,9299,四川电信京东自营旗舰店,25
498,Apple,Apple苹果iPhone 11 Pro 小屏 手机 双卡双待 深空灰色 64GB,6899,四川移动京东自营旗舰店,5
499,Apple,Apple iPhone 12 Pro (A2408) 256GB 海蓝色 支持移动联通电信5G 双卡双待手机,9299,四川移动京东自营旗舰店,5
500,Apple,Apple苹果iPhone 12 5G全网通双卡手机 绿色 128GB,6799,四川移动京东自营旗舰店,100+
501,Apple,Apple苹果iPhone11双卡双待全网通手机 黑色 128GB,5299,四川电信京东自营旗舰店,100+
502,Apple,Apple苹果iPhone 12 5G全网通双卡手机 红色 256GB,7599,四川电信京东自营旗舰店,36
503,Apple,苹果Apple iPhone 12 Pro Max (A2412) 512GB 银色 支持移动联通电信5G 双卡双待手机,11899,四川联通京东自营旗舰店,34
504,Apple,Apple苹果iPhone11双卡双待全网通手机 绿色 128GB,5299,四川移动京东自营旗舰店,100+
505,Apple,Apple 苹果 iPhone 12mini 全网通5G小屏单卡手机 黑色 64GB,5499,四川电信京东自营旗舰店,28
506,Apple,Apple iPhone 12 Pro (A2408) 512GB 海蓝色 支持移动联通电信5G 双卡双待手机,11099,四川联通京东自营旗舰店,14
507,Apple,Apple苹果iPhone 11 Pro Max大屏手机 双卡双待 银色 512GB,10599,四川联通京东自营旗舰店,0
508,Apple,Apple苹果iPhone 11 Pro 小屏 手机 双卡双待 金色 64GB,6899,四川联通京东自营旗舰店,4
509,vivo,vivo U3 iQOO U3 8GB+128GB 太初黑 天玑800U八核处理器 5000mAh大电池 90Hz竞速屏 5G全网通手机 iqoou3,1598,京东超体vivo专卖店,14
510,小米（MI）,小米11 5G 骁龙888 2K AMOLED四曲面柔性屏 1亿像素 55W有线闪充 50W无线闪充 8GB+128GB 白色 游戏手机,3999,小米京东自营旗舰店,9000+
511,小米（MI）,小米11 5G 骁龙888 2K AMOLED四曲面柔性屏 1亿像素 55W有线闪充 50W无线闪充 8GB+128GB 蓝色 游戏手机,3999,小米京东自营旗舰店,2万+
512,小米（MI）,小米11 5G 骁龙888 2K AMOLED四曲面柔性屏 1亿像素 55W有线闪充 50W无线闪充 12GB+256GB 黑色 游戏手机,4699,小米京东自营旗舰店,3万+
513,小米（MI）,小米11 5G 骁龙888 AMOLED四曲面柔性屏 1亿像素 55W有线闪充 50W无线闪充 12GB+256GB 烟紫（素皮）游戏手机,4699,小米京东自营旗舰店,1万+
514,OPPO,OPPO Reno5 Pro 《天官赐福》动画新年限定联名礼盒  6400万人像四摄 65W闪充 12+256GB  星愿红全网通5G手机,3799,OPPO京东自营官方旗舰店,2000+
515,三星（SAMSUNG）,三星 Galaxy S21 Ultra 5G（SM-G9980）双模5G 骁龙888 1.08亿像素 120Hz护目屏 支持Spen 16G+512G 幽夜黑,10699,三星京东自营官方旗舰店,8000+
516,三星（SAMSUNG）,三星 Galaxy S21 Ultra 5G（SM-G9980）双模5G 骁龙888 1.08亿像素 120Hz护目屏 支持Spen 12G+256G 幽夜黑,9699,三星京东自营官方旗舰店,8000+
517,vivo,vivo X60 8GB+128GB 微光 5G手机 蔡司光学镜头 微云台黑光夜视2.0 三星5nm旗舰芯片 双模5G全网通手机【购机补贴版】,3498,vivo京东自营官方旗舰店,3000+
518,vivo,vivo X60 8GB+128GB 华彩 5G手机  蔡司光学镜头 微云台黑光夜视2.0 三星5nm旗舰芯片 双模5G全网通手机【购机补贴版】,3498,vivo京东自营官方旗舰店,4000+
519,vivo,vivo iQOO U3 8GB+128GB 辉光蓝 天玑800U八核处理器 5000mAh大电池 90Hz竞速屏 5G全网通手机 iqoou3【购机补贴版】,1698,vivo京东自营官方旗舰店,4000+
520,vivo,vivo iQOO U3 6GB+128GB 浅蔚蓝 天玑800U八核处理器 5000mAh大电池 90Hz竞速屏 5G全网通手机 iqoou3【购机补贴版】,1498,vivo京东自营官方旗舰店,6000+
521,vivo,vivo Y31s 5G手机 6GB+128GB 宝石红 5000mAh大电池 90Hz高刷护眼屏 双模5G全网通手机,1598,vivo京东自营官方旗舰店,6000+
522,荣耀（HONOR）,荣耀V30 5G 双模 麒麟990 突破性相机矩阵 游戏手机 6GB+128GB 魅海星蓝 移动联通电信5G 双卡双待,3299,荣耀京东自营旗舰店,20万+
523,苹果（Apple）,苹果（Apple）iPhone 12 mini 256GB 红色 全网通5G手机,6799,联通京东自营旗舰店,2
524,Apple,苹果（Apple）iPhone 12 mini 256GB 蓝色 全网通5G手机,6799,联通京东自营旗舰店,1
525,Apple,苹果（Apple）iPhone 12 mini 64GB 蓝色 全网通5G手机,5499,联通京东自营旗舰店,1
526,柔宇（ROYOLE）,柔宇 ROYOLE FlexPai 2 新一代5G双模折叠屏手机 骁龙865旗舰四摄 柔派2 8GB+256GB 晨雾灰（哑灰）,9988,没有找到店铺 - -！,0
527,真我（realme）,realme 真我Q2 Pro 4800万四摄 65W智慧闪充 超轻超薄 轻潮灰 8GB+128GB 双5g游戏手机,1599,北京移动京东自营旗舰店,57
528,vivo,vivo iQOO 7 12G+256G 潜蓝 骁龙888 120W超快闪充 KPL官方赛事电竞手机 双模5G全网通vivo iQoo7,4198,京东超体vivo专卖店,1
529,Apple,Apple# iPhone 12 (A2404) 64GB 白色 支持移动联通电信5G 双卡双待手机,6299,中国电信自营旗舰店,0
530,OPPO,OPPO# K7 双模5G 骁龙765G 30W VOOC闪充 游戏电竞手机 8GB+128GB 流焰,1999,中国电信自营旗舰店,0
531,真我（realme）,realme 真我X7 Pro 120Hz柔性屏 仅184g 65W闪充6400万超广角四摄 星宇黑 8GB+256GB 游戏5g轻薄旗舰手机,2599,北京移动京东自营旗舰店,36
532,Apple,Apple苹果iPhone11双卡双待全网通手机 绿色 128GB,5299,云南电信京东自营旗舰店,22
533,Apple,苹果Apple iPhone 12 Pro Max (A2412) 512GB 银色 支持移动联通电信5G 双卡双待手机,11899,四川移动京东自营旗舰店,16
534,Apple,苹果Apple iPhone 12 Pro Max (A2412) 512GB 银色 支持移动联通电信5G 双卡双待手机,11899,重庆电信京东自营旗舰店,2
535,三星（SAMSUNG）,三星 SAMSUNG 心系天下W20 5G（SM-W2020）折叠屏 骁龙855+ 5G手机 六摄像头组合 12GB+512GB 皓月白,19999,三星京东自营官方旗舰店,1000+
536,纽曼（Newman）,纽曼（Newman） N99移动2G三防老人手机 超长待机 老年手机 红色,99,纽曼京东自营官方旗舰店,4万+
537,OPPO,OPPO A55 双模5G 超大存储 5000mAh超大电池 长续航 后置AI三摄 亿级像素超清画质 6+128GB 轻快蓝 拍照手机,1599,OPPO京东自营官方旗舰店,6000+
538,真我（realme）,realme 真我X7 6400万高清四摄 65W智慧闪充 仅175g C位色 8GB+128GB游戏 智能5g手机【合约立减版】,2399,realme真我京东自营旗舰店,400+
539,真我（realme）,realme 真我V15 6400万像素 50W智慧闪充 仅176g 新月银 8GB+128GB 双5g游戏手机【合约立减版】,1999,realme真我京东自营旗舰店,100+
540,真我（realme）,realme 真我Q2 Pro 4800万四摄 65W智慧闪充 仅175g超轻超薄 幻梦白 8GB+128GB 双5g游戏手机【合约立减版】,1799,realme真我京东自营旗舰店,3000+
541,真我（realme）,realme 真我V15 6400万像素 50W智慧闪充 仅176g 镜湖蓝 8GB+128GB 双5g游戏手机【合约立减版】,1999,realme真我京东自营旗舰店,100+
542,真我（realme）,realme 真我V3 5000mAh 18W闪充1300万高清三摄 月光银 8GB+128GB 智能5g手机【合约立减版】,1599,realme真我京东自营旗舰店,100+
543,vivo,vivo Y30标准版 6GB+128GB 极光色 5000mAh大电池 疾速侧面指纹解锁 全网通智能手机【合约立减版】,1398,vivo京东自营官方旗舰店,1000+
544,vivo,vivo Y31s 5G手机 6GB+128GB 钛空灰 5000mAh大电池 90Hz高刷护眼屏 双模5G全网通手机【合约立减版】,1698,vivo京东自营官方旗舰店,2000+
545,vivo,vivo X60 12G+256G 华彩 5G手机 专业影像旗舰 蔡司光学镜头 三星5nm旗舰芯片 超稳微云台 夜色更精彩【合约立减版】,3998,vivo京东自营官方旗舰店,1000+
546,vivo,vivo Y31s 5G手机 4GB+128GB 钛空灰 5000mAh大电池 90Hz高刷护眼屏 双模5G全网通手机【合约立减版】,1498,vivo京东自营官方旗舰店,300+
547,OPPO,OPPO A93 8GB+256GB 极光 双模5G 超大存储 5000mAh大电池  90Hz高刷屏 4800万三摄 全面屏手机,1998,京东超体OPPO专卖店,0
548,飞利浦（PHILIPS ）,飞利浦（PHILIPS）E209 老人手机 移动/联通2G 按键直板 老年机大字大声学生备用功能机 炫舞红,168,飞利浦手机京东自营旗舰店,1万+
549,飞利浦（PHILIPS ）,飞利浦（PHILIPS）E209 老人手机 移动/联通2G 按键直板 老年机大字大声学生备用功能机 宝石蓝,168,飞利浦手机京东自营旗舰店,10万+
550,守护宝,守护宝（上海中兴）L105C 红色 电信老人机2G 直板按键老年手机 超长待机老年机 学生备用功能机,139,守护宝手机京东自营旗舰店,6000+
551,飞利浦（PHILIPS ）,飞利浦（PHILIPS）E209 老人手机 移动/联通2G 按键直板 老年机大字大声学生备用功能机 典雅黑,168,飞利浦手机京东自营旗舰店,3000+
552,三星（SAMSUNG）,三星 Galaxy S21 5G（SM-G9910）双模5G 骁龙888 超高清专业摄像 120Hz护目屏 8G+128G 丝雾白【购机补贴版】,4999,三星京东自营官方旗舰店,5000+
553,三星（SAMSUNG）,三星 Galaxy S21 5G（SM-G9910）双模5G 骁龙888 超高清专业摄像 120Hz护目屏 8G+128G 梵梦紫【购机补贴版】,4999,三星京东自营官方旗舰店,4000+
554,三星（SAMSUNG）,三星 Galaxy S21 5G（SM-G9910）双模5G 骁龙888 超高清专业摄像 120Hz护目屏 8G+128G 墨影灰【购机补贴版】,4999,三星京东自营官方旗舰店,1万+
555,三星（SAMSUNG）,三星 Galaxy S21+ 5G（SM-G9960）双模5G 骁龙888 超高清专业摄像 120Hz 8G+256G 梵梦紫【购机补贴版】,7999,三星京东自营官方旗舰店,300+
556,vivo,vivo X30 Pro 5G 曜石 8GB+256GB 双模5G 60倍变焦 50mm专业人像镜头 全网通智慧旗舰手机,3998,vivo京东自营官方旗舰店,1万+
557,小米（MI）,小米（MI）Redmi  Note9 (6+256GB) 流影紫,1599,中国联通京东自营旗舰店,300+
558,OPPO,OPPO A53 5G手机 【全网通】美颜拍照游戏全网通a72同款a52升级oppoa53 秘夜黑4+128GB,1299,联通京东自营旗舰店,4
559,OPPO,OPPOA8 多功能AI三摄 【全网通】4230mAh大电池 6.5英寸水滴屏 美颜拍照智能手机 4GB+128GB 秘夜黑,1099,联通京东自营旗舰店,9
560,OPPO,OPPO A72【全网通】oppoa72 a52/a92s升级款拍照手机 简单黑 4GB+128GB,1399,联通京东自营旗舰店,5
561,三星（SAMSUNG）,三星 Galaxy S20 FE 5G(SM-G7810)双模5G 骁龙865 120Hz屏幕刷新率 8GB+256GB 灵感红,5399,没有找到店铺 - -！,0
562,小米（MI）,Redmi K30 王一博同款 120Hz流速屏 前置挖孔双摄 索尼6400万后置四摄 4500mAh超长续航 27W快充 8GB+128GB 花影惊鸿 游戏智能手机 小米 红米,1399,小米京东自营旗舰店,70万+
563,真我（realme）,realme 真我GT 骁龙888 120Hz屏幕65W闪充 8GB+128GB银河战舰5g游戏手机,2899,realme真我京东自营旗舰店,1万+
564,三星（SAMSUNG）,三星 Galaxy S21 5G（SM-G9910）双模5G 骁龙888 超高清专业摄像 120Hz护目屏 游戏手机 8G+256G 丝雾白,5799,四川电信京东自营旗舰店,1
565,苹果（Apple）,苹果（Apple）iPhone 12 充电头套装 128GB 红色,6999,联通京东自营旗舰店,15
566,三星（SAMSUNG）,三星 SAMSUNG 心系天下W21 5G（SM-W2021）折叠屏 骁龙865+ 5G手机 12GB+512GB 熠辉金,19999,四川移动京东自营旗舰店,0
567,三星（SAMSUNG）,三星 Galaxy A51 5G 双模5G Super AMOLED屏 后置四摄 3200万前置 双卡双待 8GB+128GB迷踪黑,2299,四川移动京东自营旗舰店,19
568,三星（SAMSUNG）,三星 Galaxy A71 5G（SM-A7160）双模5G 6400万后置四摄 4500mAh大电池 8GB+128GB 镭丝黑,2899,四川移动京东自营旗舰店,0
569,三星（SAMSUNG）,三星 Galaxy S21 Ultra 5G（SM-G9980）双模5G 骁龙888 1.08亿像素 120Hz护目屏 支持Spen 12G+256G 幻境银,9699,四川联通京东自营旗舰店,0
570,三星（SAMSUNG）,三星 Galaxy S20+ 5G(SM-G9860)双模5G 骁龙865 120Hz超感屏 8K视频 游戏手机 12GB+128GB 浮氧蓝,7999,四川联通京东自营旗舰店,0
571,三星（SAMSUNG）,三星Galaxy Note20 Ultra 5G(SM-N9860)S Pen&三星笔记 120Hz自适应屏幕 5G手机 游戏手机 12GB+512GB 迷雾金,9999,四川联通京东自营旗舰店,0
572,三星（SAMSUNG）,三星 Galaxy Z Flip（SM-F7000） 超感官灵动折叠屏 8GB+256GB 赛博格黑,7999,四川联通京东自营旗舰店,0
573,三星（SAMSUNG）,三星 Galaxy Z Flip 5G（SM-F7070） 折叠屏手机 双模5G 骁龙865+ 超薄柔性玻璃 8GB+256GB 冷山灰,9999,四川联通京东自营旗舰店,0
574,三星（SAMSUNG）,三星Galaxy Note20 Ultra 5G(SM-N9860)S Pen&三星笔记 120Hz自适应屏幕 5G手机游戏手机 12GB+256GB 迷雾金,9199,云南电信京东自营旗舰店,0
575,三星（SAMSUNG）,三星Galaxy Note20 Ultra 5G(SM-N9860)S Pen&三星笔记 120Hz自适应屏幕 5G手机 游戏手机 12GB+512GB 迷雾金,9999,重庆电信京东自营旗舰店,0
576,三星（SAMSUNG）,三星Galaxy Note20 Ultra 5G(SM-N9860)S Pen&三星笔记 120Hz自适应屏幕 5G手机游戏手机 12GB+512GB 曜岩黑,9999,重庆联通京东自营旗舰店,0
577,三星（SAMSUNG）,三星 Galaxy Z Flip 5G（SM-F7070）折叠屏手机 双模5G 骁龙865+ 8GB+256GB 迷雾金,9999,重庆联通京东自营旗舰店,0
578,三星（SAMSUNG）,三星 Galaxy S20+ 5G(SM-G9860)双模5G 骁龙865 120Hz超感屏 8K视频 游戏手机 12GB+128GB 遐想灰,7999,重庆电信京东自营旗舰店,0
579,三星（SAMSUNG）,三星 Galaxy Z Flip 5G（SM-F7070） 折叠屏手机 双模5G 骁龙865+ 超薄柔性玻璃 8GB+256GB 秘境白,9999,贵州移动京东自营旗舰店,0
580,三星（SAMSUNG）,三星 Galaxy S20+ 5G(SM-G9860)双模5G 骁龙865 120Hz超感屏 8K视频 游戏手机 12GB+128GB 遐想灰,7999,贵州移动京东自营旗舰店,0
581,三星（SAMSUNG）,三星 Galaxy A71 5G（SM-A7160）双模5G 6400万后置四摄 4500mAh大电池 8GB+128GB 镭丝黑,2899,重庆联通京东自营旗舰店,1
582,三星（SAMSUNG）,三星 Galaxy A51 5G 双模5G Super AMOLED屏 后置四摄 3200万前置 双卡双待手机 8GB+128GB清新白,2299,贵州移动京东自营旗舰店,6
583,三星（SAMSUNG）,三星 Galaxy S21 Ultra 5G（SM-G9980）双模5G 骁龙888 1.08亿像素 120Hz护目屏 支持Spen 12G+256G 幽夜黑,9699,重庆联通京东自营旗舰店,0
584,三星（SAMSUNG）,三星 Galaxy S21 5G（SM-G9910）双模5G 骁龙888 超高清专业摄像 120Hz护目屏 游戏手机 8G+256G 梵梦紫,5799,贵州移动京东自营旗舰店,0
585,三星（SAMSUNG）,三星 Galaxy Z Flip（SM-F7000） 超感官灵动折叠屏 8GB+256GB 赛博格黑,7999,重庆电信京东自营旗舰店,0
586,三星（SAMSUNG）,三星 Galaxy S21 5G（SM-G9910）双模5G 骁龙888 超高清专业摄像 120Hz护目屏 游戏手机 8G+256G 丝雾白,5799,重庆联通京东自营旗舰店,0
587,三星（SAMSUNG）,三星 Galaxy A51 5G 双模5G Super AMOLED屏 后置四摄 3200万前置 双卡双待 8GB+128GB迷踪黑,2299,云南电信京东自营旗舰店,3
588,天语（K-Touch）,天语（K-Touch）N1S全网通4G智能老人手机 超长待机移动联通电信4G双卡双待大喇叭语音王按键老年手机 典雅红,289,天语手机京东自营官方旗舰店,9000+
589,天语（K-Touch）,天语（K-Touch）N1S全网通4G智能老人手机 超长待机移动联通电信4G双卡双待大喇叭语音王按键老年手机 星空黑,289,天语手机京东自营官方旗舰店,1万+
590,vivo,iQOO Neo 855版 8GB+128GB 电光薄荷 骁龙855处理器 33W超快闪充 4500mAh大电池游戏手机 全网通4G手机,2198,vivo京东自营官方旗舰店,20万+
591,小米（MI）,Redmi K40 旗舰骁龙870 三星AMOLED 120Hz高刷直屏 4800万高清三摄相机 33W快充 8GB+128GB 亮黑 游戏电竞智能5G手机 小米 红米,2199,小米京东自营旗舰店,1万+
592,中兴（ZTE）,中兴ZTE 天机Axon 20 屏下摄像 6400万四摄 轻薄OLED屏 8GB+128GB 黑洞引力 双模全网通5G手机,2498,中国电信自营旗舰店,5
593,天语（K-Touch）,天语（K-Touch）T9S 全网通4G翻盖手机移动联通电信老人手机 双卡双待VoLTE老年机 学生备用功能机 典雅黑,259,天语手机京东自营官方旗舰店,14
594,天语（K-Touch）,天语（K-Touch）T9S 全网通4G翻盖手机移动联通电信老人手机 双卡双待VoLTE老年机 学生备用功能机 中国红,259,天语手机京东自营官方旗舰店,35
595,小米（MI）,小米10 双模5G 骁龙865 1亿像素8K电影相机 对称式立体声 8GB+256GB 国风雅灰,3599,小米京东自营旗舰店,6万+
596,小米（MI）,Redmi Note 9 Pro 5G 一亿像素 骁龙750G 33W快充 120Hz刷新率 静默星空?8GB+128GB 游戏智能手机 小米 红米,1799,小米京东自营旗舰店,5万+
597,OPPO,OPPO Reno5 K 5G全网通手机 6400万四摄 65W超级闪充 oppo reno5 k 8+128 恋恋青风,99999,联通京东自营旗舰店,0
598,康佳（KONKA）,康佳（KONKA）X10 双模5G全网通手机 6.52英寸高清大屏 4GB+64GB 浅草绿,1299,联通京东自营旗舰店,0
599,OPPO,OPPO# Find X3系列5G手机 oppofind x3 雾蓝 敬请期待 全网通标配,9999,中国电信自营旗舰店,0
600,OPPO,OPPO A55 5000mAh超大电池 1亿级像素超清画质 双模5G【全网通手机】4+128 气质金,99999,联通京东自营旗舰店,0
601,OPPO,OPPO A55 5000mAh超大电池 1亿级像素超清画质 双模5G全网通手机 4+128 律动黑,99999,联通京东自营旗舰店,0
602,荣耀（HONOR）,荣耀V40 5G  超级快充 5000万超感光影像 8GB+128GB幻夜黑 移动联通电信5G 双卡双待【礼盒版】,3599,荣耀京东自营旗舰店,4000+
603,vivo,vivo Y52s(V2057A) 5G全网通手机 5000mAh大电池 4800万影像系统 90Hz灵动护眼屏 8GB+128GB 珊瑚海,1798,中国移动官方旗舰店,0
604,小米（MI）,小米10 双模5G 骁龙865 1亿像素8K电影相机 对称式立体声 12GB+256GB 钛银黑,3999,中国电信自营旗舰店,0
605,真我（realme）,realme 真我GT 骁龙888 120Hz屏幕 65W闪充 12GB+256GB曙光5g游戏手机,3299,realme真我京东自营旗舰店,0
606,真我（realme）,realme 真我GT 骁龙888 120Hz屏幕 65W闪充 12GB+256GB深海飞艇5g手机,3399,北京移动京东自营旗舰店,0
607,vivo,vivo iQOO Z1x 8GB+128GB 海蔚蓝 骁龙765G 120Hz竞速屏 5000mAh超大电池 双模5G全网通手机 iqooz1x,1898,中国电信自营旗舰店,0
608,OPPO,  OPPO Find X3 5G手机oppo 曲面屏手机 findx2pro findx3pro X3,99999,联通京东自营旗舰店,0
609,OPPO,OPPO Find X3 Pro 3月11日 19:30 正式发布，敬请期待 5G 手机,99999,联通京东自营旗舰店,0
610,vivo,vivo Y31s标准版 5G手机 6GB+128GB 湖光蓝 5000mAh大电池 超质感形体 双模5G全网通手机,1699,联通京东自营旗舰店,0
611,OPPO,OPPO Reno5 K(PEGM10)5G全网通手机 6400 万水光人像四摄 65W超级闪充 12G+256GB 月夜黑,2999,中国移动官方旗舰店,0
612,OPPO,OPPO Reno5 K(PEGM10) 5G全网通手机 6400 万水光人像四摄 65W超级闪充 8G+128GB 月夜黑,2699,中国移动官方旗舰店,0
613,纽曼（Newman）,纽曼（Newman）R20 星空黑 4G全网通 移动联通电信老人手机 双卡双待 直板按键 超长待机老年机 备用功能机,198,纽曼京东自营官方旗舰店,1000+
614,vivo,vivo iQOO Neo 855版 33W闪充 全网通4G手机 冰岛极光 8GB 256GB,2698,vivo京东自营官方旗舰店,1
615,vivo,vivo iQOO Neo 855竞速版 8GB+128GB冰岛极光 骁龙855Plus 33W超快闪充,2598,vivo京东自营官方旗舰店,0
616,vivo,vivo iQOO Neo 855版 33W闪充 全网通4G手机 电光紫 8GB 256GB,2698,vivo京东自营官方旗舰店,1
617,vivo,vivo iQOO Neo 855竞速版 8GB+128GB电光薄荷 骁龙855Plus 33W超快闪充,2598,vivo京东自营官方旗舰店,0
618,vivo,vivo iQOO Neo 855竞速版 8GB+128GB碳纤黑 骁龙855Plus 33W超快闪充,2598,vivo京东自营官方旗舰店,0
619,vivo,vivo iQOO Neo 855版 33W闪充 全网通4G手机 碳纤黑 8GB 256GB,2698,vivo京东自营官方旗舰店,2
620,OPPO,"京品手机	
OPPO Reno3 Pro 双模5G 视频双防抖 90HZ高感曲面屏 7.7mm轻薄机身 8GB+128GB 蓝色星夜全网通游戏视频手机",2599,OPPO京东自营官方旗舰店,7万+
621,诺基亚（NOKIA）,诺基亚 NOKIA 150  黑色 直板按键 移动2G手机 双卡双待 老人老年手机 学生备用功能机 超长待机,229,诺基亚手机京东自营旗舰店,2万+
622,OPPO,OPPOA8 多功能AI三摄 4230mAh大电池 6.5英寸水滴屏 美颜拍照智能手机 4GB+128GB 天青色,1099,OPPO京东自营官方旗舰店,10万+
623,vivo,vivo Y3 4GB+64GB 墨黛蓝 5000mAh大电池 强劲续航手机 超广角AI智慧三摄 移动联通电信全网通4G,1097,vivo京东自营官方旗舰店,0
624,vivo,vivo vivo X27 零界全面屏 4800万广角夜景三摄拍照4G全网通手机 印象夏日 8GB+128GB,2698,vivo京东自营官方旗舰店,0
625,vivo,vivo iQOO Pro 4G 12GB+128GB 勒芒蓝 高通骁龙855Plus手机 4800万AI三摄 44W超快闪充 全网通手机,3498,vivo京东自营官方旗舰店,0
626,诺基亚（NOKIA）,诺基亚 NOKIA 2720 移动联通电信三网4G 黑色 双卡双待  翻盖手机 wifi热点备用手机 老人老年手机 学生手机,599,诺基亚手机京东自营旗舰店,4万+
627,诺基亚（NOKIA）,诺基亚 NOKIA 800 移动联通电信三网4G  迷彩色 双卡双待 户外徒步 三防手机 wifi热点备用功能机 学生手机,899,诺基亚手机京东自营旗舰店,5000+
628,索爱（soaiy）,索爱T618 4G 智能老人手机全网通 直板按键 双卡双待 移动联通电信 盲人学生备用老年机 火山灰,279,索爱（soaiy）手机京东自营旗舰店,2000+
629,朵唯（DOOV）,朵唯（ DOOV ）D1 6GB+128GB 天空之镜 双面玻璃 6.3全面水滴屏 微信QQ八开人脸识别指纹解锁 全网通4G手机,799,朵唯手机京东自营旗舰店,1万+
630,纽曼（Newman）,纽曼 Newman L8 星空黑 三防老人手机 超长待机 移动2G 直板按键 大字大声 双卡双待老年机 老年备用功能机,109,纽曼京东自营官方旗舰店,3万+
631,vivo,vivo X30 5G 绯云 8GB+128GB 6400万拍照手机 50mm专业人像镜头 智慧旗舰新品手机 全网通5G手机,3298,vivo京东自营官方旗舰店,0
632,vivo,vivo X30 Pro 5G 秘银 8GB+256GB 60倍超级变焦 6400万四摄拍照手机 智慧旗舰新品手机 全网通5G手机,4297,vivo京东自营官方旗舰店,0
633,OPPO,OPPO Reno3（8G+128G）日出印象,3399,没有找到店铺 - -！,15
634,飞利浦（PHILIPS ）,飞利浦（PHILIPS）E525 陨石黑 移动联通电信三网4G WiFi热点智能老人手机 儿童学生功能机4G 直板按键老年机,349,飞利浦手机京东自营旗舰店,6000+
635,飞利浦（PHILIPS ）,飞利浦（PHILIPS）E525 宝蓝色 移动联通电信三网4G WiFi热点智能老人手机 儿童学生功能机4G 直板按键老年机,349,飞利浦手机京东自营旗舰店,2000+
636,飞利浦（PHILIPS ）,飞利浦（PHILIPS）E525 绚丽红 移动联通电信三网4G WiFi热点智能老人手机 儿童学生功能机4G 直板按键老年机,349,飞利浦手机京东自营旗舰店,3000+
637,vivo,"京品手机	
vivo Z6 5G手机 6GB+128GB 极影黑 44W超快闪充 高通骁龙765G 5000mAh超大电池 全网通手机",2198,vivo京东自营官方旗舰店,7万+
638,黑鲨,"京品手机	
腾讯黑鲨游戏手机3 Pro 12GB+256GB 铠甲灰 升降游戏按键 65W极速闪充 骁龙865 2K+分辨率 10.7亿色 双模5G",4999,黑鲨京东自营官方旗舰店,1万+
639,荣耀（HONOR）,"京品手机	
荣耀20 李现同款 4800万超广角AI四摄 3200W美颜自拍 麒麟Kirin980全网通版8GB+256GB 冰岛白 全面屏手机",2699,荣耀京东自营旗舰店,2万+
640,荣耀（HONOR）,"京品手机	
荣耀20 李现同款 4800万超广角AI四摄 3200W美颜自拍 麒麟Kirin980全网通版8GB+256GB 幻影蓝 全面屏手机",2699,荣耀京东自营旗舰店,2万+
641,OPPO,OPPO Find X2 Pro  60倍数码变焦 120Hz超感屏 3K分辨率 65w闪充 骁龙865 12GB+256GB茶橘 双模5G旗舰手机,5999,OPPO京东自营官方旗舰店,1万+
642,OPPO,OPPO Find X2  120Hz超感屏 3K分辨率  10亿色臻彩显示 65w闪充 骁龙865 8GB+128GB夜海 双模5G手机,4499,OPPO京东自营官方旗舰店,3万+
643,三星（SAMSUNG）,三星 Galaxy S20 5G (SM-G9810)双模5G 骁龙865 120Hz超感屏 8K视频 游戏手机 12GB+128GB 浮氧蓝,5999,三星京东自营官方旗舰店,8万+
644,三星（SAMSUNG）,三星 Galaxy S20+ 5G(SM-G9860)双模5G 骁龙865 120Hz超感屏 8K视频 游戏手机 12GB+128GB 遐想灰,6999,三星京东自营官方旗舰店,3万+
645,三星（SAMSUNG）,三星  Galaxy Z Flip（SM-F7000） 超感官灵动折叠屏 8GB+256GB 赛博格黑,7499,三星京东自营官方旗舰店,1万+
646,三星（SAMSUNG）,三星 Galaxy S20 Ultra 5G(SM-G9880)双模5G 骁龙865 1.08亿像素 100倍变焦 游戏手机 12GB+256GB 幻游黑,8999,三星京东自营官方旗舰店,1万+
647,荣耀（HONOR）,荣耀Play3 6.39英寸魅眼全视屏 4000mAh大电池 真4800万AI三摄 麒麟710F自研芯片 畅玩全网通6GB+64GB 幻夜黑,1299,荣耀京东自营旗舰店,9万+
648,多亲（QIN）,多亲（QIN） Qin 1s +AI学生电话VoLTE老人手机双卡双待 移动联通4G 功能直板手机 铁灰色,379,多亲（QIN）京东自营旗舰店,1万+
649,多亲（QIN）,多亲（QIN）Qin 2 Pro助手2+64g 5.05英寸全面屏智能超薄手机备机触屏 移动联通4g手机 电信Volte 铁灰色,799,多亲（QIN）京东自营旗舰店,1000+
650,索爱（soaiy）,"
索爱（soaiy）Z6S 金色翻盖老人4G手机 移动联通双卡双待双屏 大字大声超长待机全语音播报 学生备用机",279,索爱（soaiy）手机京东自营旗舰店,2万+
651,荣耀（HONOR）,荣耀20青春版 AMOLED屏幕指纹 4000mAh大电池 20W快充 4800万 手机 6GB+128GB 冰岛幻境,1699,荣耀京东自营旗舰店,3万+
652,荣耀（HONOR）,荣耀20青春版 AMOLED屏幕指纹 4000mAh大电池 20W快充 4800万 手机 6GB+128GB 蓝水翡翠,1699,荣耀京东自营旗舰店,4万+
653,努比亚（nubia）,"京品手机	
努比亚 nubia 红魔5G 电竞游戏手机 12GB+128GB 骇客黑 骁龙865 144Hz屏幕刷新率 内置风扇散热",4099,努比亚京东自营旗舰店,4万+
654,vivo,vivo S6 5G手机 8GB+256GB 爵士黑 前置3200万超清夜景自拍 4500mAh大电池  后置四摄 双模5G全网通手机,2598,vivo京东自营官方旗舰店,4万+
655,OPPO,OPPO Find X2 8GB+256GB 碧波,5999,京东超体OPPO专卖店,1
656,华为（HUAWEI）,华为 HUAWEI P40 Pro 麒麟990 5G SoC芯片 5000万超感知徕卡四摄 50倍数字变焦 8GB+256GB亮黑色全网通5G手机,6488,华为京东自营官方旗舰店,40万+
657,荣耀（honor）,荣耀畅玩9A 6.3英寸珍珠全面屏 震撼大音量 4GB+64GB 蓝水翡翠 移动联通电信4G全面屏手机 双卡双待,988,荣耀京东自营旗舰店,20万+
658,纽曼（Newman）,纽曼（Newman）R19 全网通4G三防老人手机 移动联通电信三网老年机  双卡双待超长待机备用功能机 黑色,188,纽曼京东自营官方旗舰店,6000+
659,一加,一加 OnePlus 8 5G旗舰 90Hz高清柔性屏 高通骁龙865 180g轻薄手感 8GB+128GB 青空 超清超广角拍照游戏手机,3499,一加手机京东自营官方旗舰店,20万+
660,荣耀（HONOR）,荣耀畅玩9A 6.3英寸珍珠全面屏 震撼大音量 4GB+64GB 幻夜黑 移动联通电信4G全面屏手机 双卡双待,988,荣耀京东自营旗舰店,20万+
661,索爱（soaiy）,索爱（soaiy）M6 2GB+16GB 丹霞红 全网通4G智能老人手机老年机双卡双待三防大字大声全面屏手机,399,索爱（soaiy）手机京东自营旗舰店,1万+
662,索爱（soaiy）,索爱（soaiy）M6 3GB+32GB丹霞红 全网通4G智能老人手机老年机双卡双待三防大字大声全面屏手机,499,索爱（soaiy）手机京东自营旗舰店,1万+
663,荣耀（HONOR）,荣耀30S 麒麟820 5G芯片 3倍光学变焦 20倍数字变焦 全网通版8GB+128GB 蝶羽白,2399,荣耀京东自营旗舰店,30万+
664,OPPO,"京品手机	
OPPO Ace2 8+128 月岩灰 高通骁龙865 双模5G 185g超薄机身 65W超级闪充 40W无线闪充 90Hz电竞屏",2899,OPPO京东自营官方旗舰店,10万+
665,OPPO,OPPO Ace2 8+256 梦幻紫 高通骁龙865 双模5G 185g超薄机身 65W超级闪充 40W无线闪充 90Hz电竞屏,3599,OPPO京东自营官方旗舰店,1000+
666,天语（K-Touch）,天语（K-Touch）T11 老人手机 移动/联通2G 全语音王 超长待机 双卡双待 三防双屏翻盖按键老年手机 黑色,158,天语手机京东自营官方旗舰店,6000+
667,小米（MI）,Redmi K30 5G双模 120Hz流速屏 骁龙765G 30W快充?6GB+128GB 深海微光 游戏智能手机 小米 红米【合约立减版】,2199,小米京东自营旗舰店,10万+
668,黑鲨,"京品手机	
腾讯黑鲨游戏手机3 8GB+128GB?闪电黑 骁龙865 270Hz触控采样率 90Hz屏 双模5G 【购机补贴版】",2999,黑鲨京东自营官方旗舰店,3万+
669,诺基亚（NOKIA）,诺基亚 NOKIA 5310 白红 直板按键 移动2G音乐手机 双卡双待 老人老年手机 学生考研复试戒网备用功能机,319,诺基亚手机京东自营旗舰店,9000+
670,vivo,vivo S6 5G手机 8GB+128GB 天鹅湖 前置3200万超清夜景自拍 4500mAh大电池  后置四摄 双模5G全网通手机【购机补贴版】,2498,vivo京东自营官方旗舰店,1万+
671,小辣椒,小辣椒 红辣椒8X Max  6+128GB 耀夜黑  3700mAh大电池  6.58英寸水滴屏 全网通4G 双卡双待,699,小辣椒手机京东自营官方旗舰店,9000+
672,一加,"京品手机	
一加 OnePlus 8 5G旗舰 90Hz高清柔性屏 骁龙865 180g轻薄手感 12GB+256GB 青空 超清超广角拍照游戏手机",3999,一加手机京东自营官方旗舰店,6万+
673,一加,"京品手机	
一加 OnePlus 8 5G旗舰 90Hz高清柔性屏 高通骁龙865 180g轻薄手感 12GB+256GB 黑镜 超清超广角拍照游戏手机",3999,一加手机京东自营官方旗舰店,3万+
674,荣耀（HONOR）,荣耀30 50倍远摄 麒麟985 5G 4000万超广角AI四摄 3200W美颜自拍 全网通版8GB+128GB 钛空银 全面屏手机,3088,荣耀京东自营旗舰店,30万+
675,荣耀（honor）,荣耀30 50倍远摄 麒麟985 5G 4000万超广角AI四摄 3200W美颜自拍 全网通版8GB+256GB 流光幻镜 全面屏手机,3299,荣耀京东自营旗舰店,30万+
676,三星（SAMSUNG）,"京品手机	
三星 Galaxy S10(SM-G9730)骁龙855 超声波屏下指纹 全网通 双卡双待游戏手机 8GB+128GB炭晶黑【购机补贴版】",3859,三星京东自营官方旗舰店,3万+
677,荣耀（honor）,荣耀V30 5G 双模 麒麟990 突破性相机矩阵 游戏手机 6GB+128GB 幻夜星河 双卡双待【购机补贴版】,3299,荣耀京东自营旗舰店,5万+
678,荣耀（HONOR）,荣耀V30 5G 双模 麒麟990 突破性相机矩阵 游戏手机 6GB+128GB 魅海星蓝 移动联通电信5G 【购机补贴版】,3299,荣耀京东自营旗舰店,4万+
679,华为（HUAWEI）,华为 HUAWEI nova 7 Pro 3200万追焦双摄 50倍潜望式变焦四摄 5G SoC芯片 8GB+128GB 亮黑色全网通5G手机,3699,华为京东自营官方旗舰店,10万+
680,诺基亚（NOKIA）,诺基亚 NOKIA 220 4G 移动联通电信三网4G 黑色 直板按键 双卡双待 备用功能机 老人老年手机 学生备用机,299,诺基亚手机京东自营旗舰店,10万+
681,诺基亚（NOKIA）,诺基亚 NOKIA 220 4G 移动联通电信三网4G 蓝色 直板按键 双卡双待 备用功能机 老人老年手机  学生备用机,299,诺基亚手机京东自营旗舰店,10万+
682,小米（MI）,小米10青春版 双模5G 骁龙765G 50倍潜望式变焦四摄  8GB+256GB 黑巧风暴游戏手机,2599,小米京东自营旗舰店,20万+
683,努比亚（nubia）,努比亚 nubia Play 5G手机 8GB+256GB 5湖四海蓝 144Hz超竞屏,2299,努比亚京东自营旗舰店,1万+
684,vivo,vivo iQOO Neo3 5G 8GB+128GB 夜幕黑 高通骁龙865 144Hz竞速屏 立体双扬 44W闪充 双模5G全网通手机,2698,vivo京东自营官方旗舰店,30万+
685,OPPO,OPPO A92s手机   前置双摄智能拍照手机 私语白 8G+256G 全网通,2799,京东超体OPPO专卖店,0
686,OPPO,OPPO A92s  前置双摄智能拍照手机 私语白 6G+128G 全网通,2499,京东超体OPPO专卖店,0
687,OPPO,OPPO A92s (6+128)G 九十度黑,2199,京东超体OPPO专卖店,0
688,OPPO,OPPO A92s手机  九十度黑 8G+128G 全网通,2499,京东超体OPPO专卖店,9
689,OPPO,OPPO A92s手机 私语白 8G+128G 全网通,2499,京东超体OPPO专卖店,9
690,OPPO,OPPO A52 (8+128)G 黑色,1599,京东超体OPPO专卖店,5
691,OPPO,OPPO A52（8+128）G 星耀白,1599,京东超体OPPO专卖店,10
692,努比亚（nubia）,努比亚 nubia Play 5G手机 8GB+256GB 5湖四海蓝 144Hz超竞屏 【购机补贴版】,2299,努比亚京东自营旗舰店,1000+
693,三星（SAMSUNG）,三星 Galaxy S20 Ultra 5G(SM-G9880)双模5G 骁龙865 1.08亿像素 100倍变焦 游戏手机 12GB+256GB 意象白,8999,三星京东自营官方旗舰店,1万+
694,三星（SAMSUNG）,三星 SAMSUNG Note10 (SM-N9700)骁龙855 智能S Pen 屏下指纹 4G手机 全网通双卡双待 游戏手机,5499,三星（SAMSUNG）手机商用产品京东自营旗舰店,0
695,vivo,iQOO Neo3 5G 12GB+128GB 夜幕黑 高通骁龙865 144Hz竞速屏 立体双扬 44W闪充  双模5G全网通手机,2998,vivo京东自营官方旗舰店,7万+
696,vivo,vivo iQOO Neo3 5G 8GB+128GB 青空蓝 高通骁龙865 144Hz竞速屏 立体双扬 44W闪充  双模5G全网通手机,2698,vivo京东自营官方旗舰店,4万+
697,vivo,"京品手机	
vivo iQOO Z1 8GB+128GB 太空蓝 天玑1000Plus旗舰芯片 144Hz竞速屏 44W超快闪充 双模5G全网通手机  iqooz1",2298,vivo京东自营官方旗舰店,30万+
698,一加,一加 OnePlus 8 5G旗舰 90Hz高清柔性屏 高通骁龙865 180g轻薄手感 8GB+128GB 黑镜 超清超广角拍照游戏手机【合约立减版】,3999,一加手机京东自营官方旗舰店,2万+
699,OPPO,OPPO Find X2 Pro 12GB+256GB 茶橘,6999,京东超体OPPO专卖店,0
700,京崎（TOOKY）,京崎(TOOKY) X5 老年老人手机移动联通2G语音报名大字大声双卡双待超长待机学生备用功能直板按键手机星空灰,108,京崎（TOOKY）手机京东自营旗舰店,3000+
701,vivo,vivo Y5s 6GB+128GB 流光银 超广角微距AI三摄 5000mAh大电池 移动联通电信全网通4G手机,1398,vivo京东自营官方旗舰店,2万+
702,荣耀（HONOR）,荣耀30 Pro+ 50倍远摄 麒麟990 5G 5000万超感光摄影 3200W美颜自拍  全网通版8GB+256GB 【购机补贴版】,4999,荣耀京东自营旗舰店,4000+
703,三星（SAMSUNG）,"京品手机	
三星 Galaxy A51 5G 双模5G Super AMOLED屏 后置四摄 3200万前置 双卡双待手机 8GB+128GB迷踪黑",2299,三星京东自营官方旗舰店,10万+
704,康佳（KONKA）,康佳 KONKA D9 智能老人手机 蓝色 全网4G移动联通电信 人脸识别 学生老年安卓智能手机 双卡双待,299,没有找到店铺 - -！,4000+
705,vivo,vivo X50 5G手机 8+128GB 液氧 超感光夜摄 后置4800W像素 90Hz超薄柔性屏  双模5G全网通手机,3198,vivo京东自营官方旗舰店,5万+
706,纽曼（Newman）,纽曼（Newman）R19 全网通4G老人手机 移动联通电信版三防老年机 双卡双待超长待机 学生备用功能机 军绿色,188,纽曼京东自营官方旗舰店,1000+
707,OPPO,OPPO A52 8GB+128GB 凝光紫 5000mAh超大电池+18W疾速快充 星阵AI四摄 侧边指纹   全面屏拍照游戏智能手机,1349,OPPO京东自营官方旗舰店,10万+
708,小米（MI）,Redmi 10X Pro 天玑820 双5G待机 4800万流光四摄相机 30倍变焦 水滴全面屏 8GB+256GB 深海蓝 游戏智能手机 小米 红米【这就是街舞】,2399,小米京东自营旗舰店,2万+
709,vivo,vivo iQOO Neo3 5G 8GB+128GB 极昼 高通骁龙865 144Hz竞速屏 立体双扬 44W闪充 双模5G全网通手机,2698,vivo京东自营官方旗舰店,30万+
710,小米（MI）,Redmi 10X 5G 天玑820 双5G待机 4800万流光相机 水滴全面屏 6GB+128GB 深海蓝 游戏智能手机 小米 红米【购机补贴版】,1799,小米京东自营旗舰店,10万+
711,小辣椒,小辣椒 10 8+128GB 深海蓝 4350mAh大电池 6.2英寸水滴屏 微Q8开 全网通4G 双卡双待,899,小辣椒手机京东自营官方旗舰店,3000+
712,荣耀（HONOR）,荣耀X10  5G双模 麒麟820 4300mAh续航 4000万高感光影像系统 6.63英寸升降全面屏 全网通 8GB+128GB 探速黑,2399,荣耀京东自营旗舰店,40万+
713,朵唯（DOOV）,朵唯（DOOV）D9 Pro 6GB+128GB天空之镜 双面玻璃 微Q八开 全网通4G双卡双待手机,699,朵唯手机京东自营旗舰店,9000+
714,朵唯（DOOV）,朵唯（DOOV）D19电霸 6GB+128GB 翡冷翠 5000mAh大电池八核水滴全面屏4G全网通老人大屏学生双卡双待智能手机,599,朵唯手机京东自营旗舰店,2万+
715,荣耀（honor）,"京品手机	
荣耀V30 PRO DXO122分 5G双模 麒麟990 5GSOC芯片 双超级快充 游戏手机8GB+128GB魅海星蓝 双卡双待",3899,荣耀京东自营旗舰店,3万+
716,努比亚（nubia）,努比亚 nubia Play 5G手机 8GB+256GB 5彩斑斓黑 144Hz超竞屏 流量/京豆套装,2999,努比亚京东自营旗舰店,2000+
717,vivo,vivo U3x 3GB+64GB 子夜黑 5000mAh大电池 18W双引擎闪充 超广角AI三摄 骁龙665处理器 全网通4G手机,849,vivo京东自营官方旗舰店,7000+
718,小米（MI）,Redmi 10X 5G 天玑820 双5G待机 4800万流光相机 水滴全面屏 6GB+128GB 星露白 游戏智能手机 小米 红米【购机补贴版】,1799,小米京东自营旗舰店,4万+
719,小米（MI）,Redmi 10X 5G 天玑820 双5G待机 4800万流光相机 水滴全面屏 6GB+128GB 凝夜紫 游戏智能手机 小米 红米【购机补贴版】,1799,小米京东自营旗舰店,9万+
720,小米（MI）,Redmi 10X 5G 天玑820 双5G待机 4800万流光相机 水滴全面屏 6GB+128GB 胧月金 游戏智能手机 小米 红米【购机补贴版】,1799,小米京东自营旗舰店,3万+
721,vivo,vivo Y50 8GB+128GB 曜石黑 5000mAh大电池 极点屏 后置四摄 全网通4G手机【购机补贴版】,1698,vivo京东自营官方旗舰店,4000+
722,纽曼（Newman）,纽曼（Newman） L99老年手机移动联通大屏大字大声学生老人手机黑色,69,纽曼京东自营官方旗舰店,1000+
723,荣耀（honor）,荣耀X10  5G双模 麒麟820 4300mAh续航 4000万高感光影像系统 6.63英寸升降全面屏 全网通8GB+128GB 光速银,2459,荣耀京东自营旗舰店,5万+
724,康佳（KONKA）,康佳 KONKA D9 智能老人手机 黑色 全网4G移动联通电信 人脸识别 学生老年安卓智能手机 双卡双待,299,没有找到店铺 - -！,6000+
725,诺基亚（NOKIA）,诺基亚 NOKIA 125 黑色 直板按键 移动2G手机 双卡双待 老人老年手机 学生备用功能机 超长待机,189,诺基亚手机京东自营旗舰店,4万+
726,荣耀（HONOR）,荣耀Play4 5G双模 6400万锐力四摄 4300mAh大电池 VC液冷散热 8GB+128GB 冰岛幻境,1999,荣耀京东自营旗舰店,10万+
727,荣耀（honor）,荣耀Play4 5G双模 6400万锐力四摄 4300mAh大电池 VC液冷散热 8GB+128GB 幻夜黑TNNH-AN00,1999,荣耀京东自营旗舰店,10万+
728,一加,一加 OnePlus 8 Pro 5G旗舰 2K+120Hz 柔性屏 30W无线闪充 高通骁龙865 8GB+128GB 青空 游戏手机,4599,一加手机京东自营官方旗舰店,2万+
729,一加,"京品手机	
一加 OnePlus 8 5G旗舰 90Hz高清柔性屏 骁龙865 180g轻薄手感 12GB+256GB 银翼 游戏手机【直播版】",3799,一加手机京东自营官方旗舰店,2万+
730,一加,"京品手机	
一加 OnePlus 8 5G旗舰 90Hz高清柔性屏 高通骁龙865 180g轻薄手感 12GB+256GB 青空 游戏手机【直播版】",3799,一加手机京东自营官方旗舰店,6万+
731,一加,一加 OnePlus 8 5G旗舰 90Hz高清柔性屏 高通骁龙865 180g轻薄手感 8GB+128GB 青空 游戏手机【直播版】,3499,一加手机京东自营官方旗舰店,4万+
732,一加,一加 OnePlus 8 Pro 5G旗舰 2K+120Hz 柔性屏 30W无线闪充 高通骁龙865 12GB+256GB 青空游戏手机【直播版】,4999,一加手机京东自营官方旗舰店,4万+
733,一加,"京品手机	
一加 OnePlus 8 5G旗舰 90Hz高清柔性屏 高通骁龙865 180g轻薄手感 12GB+256GB 黑镜游戏手机【直播版】",3799,一加手机京东自营官方旗舰店,3万+
734,一加,一加 OnePlus 8 5G旗舰 90Hz高清柔性屏 高通骁龙865 180g轻薄手感 8GB+128GB 银翼 游戏手机【直播版】,3499,一加手机京东自营官方旗舰店,2万+
735,一加,一加 OnePlus 8 5G旗舰 90Hz高清柔性屏 高通骁龙865 180g轻薄手感 8GB+128GB 黑镜游戏手机【直播版】,3499,一加手机京东自营官方旗舰店,2万+
736,荣耀（HONOR）,荣耀X10  5G双模 麒麟820 4300mAh续航 4000万高感光影像系统 6.63英寸升降全面屏 全网通 8GB+128GB 竞速蓝,2399,荣耀京东自营旗舰店,4万+
737,荣耀（HONOR）,荣耀30S 麒麟820 5G芯片 3倍光学变焦 20倍数字变焦 全网通版8GB+256GB 蝶羽红,2759,荣耀京东自营旗舰店,4000+
738,荣耀（HONOR）,荣耀30 50倍远摄 麒麟985 5G 4000万超广角AI四摄 3200W美颜自拍 全网通版8GB+256GB 钛空银 全面屏手机,3388,荣耀京东自营旗舰店,3万+
739,荣耀（HONOR）,荣耀30S 麒麟820 5G芯片 3倍光学变焦 20倍数字变焦 全网通版8GB+128GB 蝶羽白【购机补贴版】,2399,荣耀京东自营旗舰店,10万+
740,荣耀（HONOR）,荣耀V30 5G 双模 麒麟990 突破性相机矩阵 游戏手机 8GB+128GB 幻夜星河 移动联通电信5G 双卡双待,3699,荣耀京东自营旗舰店,1万+
741,vivo,"京品手机	
vivo iQOO Z1 5G 8GB+128GB 太空蓝 天玑1000Plus旗舰芯片 144Hz竞速屏 44W超快闪充 双模5G全网通手机",2298,vivo京东自营官方旗舰店,5万+
742,vivo,vivo X50 Pro+ 5G手机 8+256GB 驼色 超清一亿模式 高通骁龙865 60倍超级变焦 双模5G全网通手机,5498,vivo京东自营官方旗舰店,9000+
743,飞利浦（PHILIPS ）,飞利浦 PHILIPS E102A 陨石黑 移动/联通2G 直板老人机老年手机 学生机老人手机 功能手机备用机,109,没有找到店铺 - -！,1万+
744,飞利浦（PHILIPS ）,飞利浦 PHILIPS E102A 宝石蓝 移动/联通2G 直板老人机 学生机只能接打电话戒网瘾儿童初中生备用机老人手机,109,没有找到店铺 - -！,1000+
745,飞利浦（PHILIPS ）,飞利浦（PHILIPS）E268 宝石蓝 按键直板老人手机 移动/联通2G 超长待机老年手机 学生备用功能机,168,飞利浦手机京东自营旗舰店,1万+
746,飞利浦（PHILIPS ）,飞利浦（PHILIPS）E268 陨石黑 按键直板老人手机 移动/联通2G 超长待机老年手机 学生备用功能机,168,飞利浦手机京东自营旗舰店,4000+
747,荣耀（HONOR）,荣耀30S 麒麟820 5G芯片 3倍光学变焦 20倍数字变焦 全网通版8GB+128GB 蝶羽翠,2459,荣耀京东自营旗舰店,6万+
748,荣耀（HONOR）,荣耀30S 麒麟820 5G芯片 3倍光学变焦 20倍数字变焦 全网通版8GB+128GB 蝶羽红,2459,荣耀京东自营旗舰店,1万+
749,OPPO,OPPO Reno4 8+128G晶钻蓝(移动权益版）,2998,京东超体OPPO专卖店,2
750,魅族（meizu）,魅族16T 三摄拍照大屏娱乐游戏手机 8GB+128G 鲸跃蓝 骁龙855 4500mAh大电池 超广角 全网通4G双卡双待,2299,魅族京东自营旗舰店,1万+
751,海信（Hisense）,海信(Hisense) 阅读手机A5Pro经典版 5.84英寸水墨屏 便携 电纸书阅读器 6GB+128GB 全网通4G手机 墨玉黑,1599,海信手机京东自营旗舰店,2万+
752,OPPO,OPPO Reno2 Z【直播版】 8G+128G 深海夜光 4800万夜拍四摄 VOOC闪充 炫彩升降 全面屏拍照游戏智能手机,2299,OPPO京东自营官方旗舰店,2万+
753,OPPO,OPPO Reno4 超级夜景视频 65W超级闪充 视频超级防抖 双模5G 8GB+256GB 晶钻蓝 拍照游戏视频手机,3298,京东超体OPPO专卖店,2
754,vivo,vivo X50 Pro 5G手机 8+128GB 引力 微云台超感光主摄 60倍变焦 90Hz轻薄曲面屏 双模5G全网通手机,3998,vivo京东自营官方旗舰店,1万+
755,vivo,vivo iQOO Z1x 水漾白 8GB+128GB 骁龙765G 120Hz竞速屏 5000mAh超大电池 双模5G全网通手机 iqooz1x,1898,vivo京东自营官方旗舰店,10万+
756,天语（K-Touch）,天语（K-Touch）Q7儿童手机电话迷你移动联通2G学生直板按键功能备用卡片超长待机定位小手机老人手机 星辰黑,129,天语手机京东自营官方旗舰店,1000+
757,OPPO,OPPO Reno4 超级夜景视频 65W超级闪充 视频超级防抖 双模5G 8GB+128GB 梦镜黑 拍照游戏视频手机,2998,京东超体OPPO专卖店,2
758,vivo,vivo X50（V2001A）5G手机 20倍变焦 超感光夜摄 90Hz超薄柔性屏 双模5G全网通手机 8G+128G 微醺,3348,中国移动官方旗舰店,0
759,vivo,vivo X50（V2001A）5G手机 20倍变焦 超感光夜摄 90Hz超薄柔性屏 双模5G全网通手机 8G+256G 微醺,3748,中国移动官方旗舰店,0
760,小米（MI）,Redmi K30i 5G双模 120Hz流速屏 骁龙765G 前置挖孔双摄 4800万后置四摄 30W快充 8GB+128GB 深海微光 游戏智能手机 小米 红米,1799,小米京东自营旗舰店,10万+
761,vivo,vivo X50 Pro(V2005A) 5G手机 超感光主摄 60倍变焦 轻薄曲面屏 双模5G全网通手机  8GB+128GB黑镜,4098,中国移动官方旗舰店,0
762,荣耀（HONOR）,荣耀30青春版 5G双模 6.5英寸柔滑全速屏 4000mAh大电池 22.5W快充 4800万高感光拍摄 6GB+128GB 幻镜银,1899,荣耀京东自营旗舰店,7万+
763,荣耀（honor）,荣耀30青春版 5G双模 6.5英寸柔滑全速屏 4000mAh大电池 22.5W快充 4800万高感光拍摄 6GB+128GB 幻夜黑,1899,荣耀京东自营旗舰店,7万+
764,荣耀（HONOR）,荣耀X10 Max 5G双模 7.09英寸超大屏对称式双扬声器 5000mAh大电池 NFC 全网通 8GB+128GB光速银,2499,荣耀京东自营旗舰店,9万+
765,黑鲨,"京品手机	
腾讯黑鲨游戏手机3S 12GB+128GB 天云黑 120Hz三星AMOLED屏 JOYUI12游戏操作系统 270Hz触控采样率 双模5G",3999,黑鲨京东自营官方旗舰店,4万+
766,荣耀（HONOR）,荣耀X10 Max 5G双模 7.09英寸超大屏 5000mAh大电池 多功能NFC 双扬声器 全网通 6GB+128GB竞速蓝,2099,荣耀京东自营旗舰店,3万+
767,魅族（meizu）,魅族17 Pro 12GB+256GB 乌金 骁龙865 旗舰5G手机 27W无线充 6400W后置主摄 90Hz屏幕 支持NFC 智能游戏手机【合约立减版】,4699,魅族京东自营旗舰店,6000+
768,联想（lenovo）,"京品手机	
联想拯救者电竞手机Pro 12GB+256GB 骁龙865 Plus 双液冷散热 144Hz电竞屏 双模5G游戏手机 炽焰战甲",3999,联想手机京东自营官方旗舰店,3万+
769,天语（K-Touch）,天语 K-TOUCH X13 金色 智能老人手机 4G全网通 电信 超长待机 大屏大字大声 AI人脸解锁 学生备用老年手机,399,天语手机京东自营官方旗舰店,9000+
770,三星（SAMSUNG）,三星 Galaxy Z Flip 5G（SM-F7070） 折叠屏手机 双模5G 骁龙865+ 超薄柔性玻璃 8GB+256GB 迷雾金,9999,三星京东自营官方旗舰店,5000+
771,三星（SAMSUNG）,三星 Galaxy Z Flip 5G（SM-F7070） 折叠屏手机 双模5G 骁龙865+ 超薄柔性玻璃 8GB+256GB 冷山灰,9999,三星京东自营官方旗舰店,5000+
772,vivo,vivo Y51s 5G手机 6+128GB 碧海蓝 4500mAh大电池 双引擎闪充 4800万后置三摄 双模5G全网通手机,1698,vivo京东自营官方旗舰店,1万+
773,纽曼（Newman）,纽曼 Newman L6 爵士黑 4G全网通 移动联通电信老人手机 双卡双待 直板按键 超长待机老年机 备用功能机,165,纽曼京东自营官方旗舰店,1万+
774,努比亚（nubia）,"京品手机	
努比亚 nubia 红魔5S 12GB+256GB 冰封银翼 电竞游戏手机 144Hz屏幕刷新率 内置风扇散热",4199,努比亚京东自营旗舰店,2万+
775,小米（MI）,Redmi 9A 5000mAh大电量 大屏幕大字体大音量 1300万AI相机 八核处理器 人脸解锁 4GB+64GB 砂石黑 游戏智能手机 小米 红米,599,小米京东自营旗舰店,100万+
776,vivo,vivo iQOO U1 6GB+128GB 晴霜白 骁龙720G 4500mAh大电池 18W闪充超强续航 全网通拍照大屏幕手机 iqoou1,1398,vivo京东自营官方旗舰店,9万+
777,vivo,"京品手机	
vivo iQOO U1 6GB+128GB 秘境黑 骁龙720G 4500mAh大电池 18W闪充超强续航 全网通拍照大屏幕手机 iqoou1",1398,vivo京东自营官方旗舰店,9万+
778,真我（realme）,realme 真我V5 4800万四摄 5000mAh长续航 双模5G 破晓之光 8GB+128GB 30W闪充手机 OPPO提供售后支持,1899,realme真我京东自营旗舰店,4万+
779,小米（MI）,小米10 双模5G 骁龙865 1亿像素8K电影相机 对称式立体声 8GB+128GB 国风雅灰,3368,小米京东自营旗舰店,70万+
780,OPPO,OPPO K7 双模5G 骁龙765G  30W VOOC闪充 4800万超清四摄 石墨片+铜管散热 8+128GB 海夜 全网通游戏电竞手机,1899,OPPO京东自营官方旗舰店,10万+
781,vivo,vivo iQOO Z1x 6GB+128GB 水漾白 骁龙765G 120Hz竞速屏 5000mAh超大电池 双模5G全网通手机 iqooz1x,1798,vivo京东自营官方旗舰店,3万+
782,vivo,vivo iQOO Z1x  6GB+128GB 锐酷黑 骁龙765G 120Hz竞速屏 5000mAh超大电池  双模5G全网通手机 iqooz1x,1798,vivo京东自营官方旗舰店,2万+
783,纽曼（Newman）,纽曼（Newman）N95 老人手机全网通4G 移动联通电信三网 大字体大音量老年机 超长待机学生备用功能机 中国红,159,纽曼京东自营官方旗舰店,4000+
784,vivo,vivo iQOO 5 皓影 12GB+256GB 120Hz柔性屏 骁龙865 KPL专业电竞游戏手机 双模5G全网通手机vivoiqoo5,4598,vivo京东自营官方旗舰店,5万+
785,vivo,vivo iQOO 5 Pro 赛道版 8GB+256GB 120W闪充 120Hz高刷 骁龙865 游戏手机 双模5G全网通vivoiqoo5pro,4998,vivo京东自营官方旗舰店,2万+
786,真我（realme）,realme 真我V5 4800万四摄 5000mAh大电池 双模5G 银翼少年 8GB+128GB  30W智慧闪充 长续航 智能手机,1899,realme真我京东自营旗舰店,200+
787,小米（MI）,小米10 至尊纪念版 双模5G 骁龙865 120HZ高刷新率 120倍长焦镜头 120W快充 8GB+128GB 陶瓷黑 游戏手机,5299,小米京东自营旗舰店,10万+
788,小米（MI）,Redmi K30 至尊纪念版 双模5G 天玑1000plus旗舰芯片 120Hz高刷新率  8GB+128GB 薄荷绿 游戏手机 小米 红米,2199,小米京东自营旗舰店,30万+
789,小米（MI）,Redmi K30 至尊纪念版 双模5G 天玑1000plus旗舰芯片 120Hz高刷新率  8GB+128GB 月幕白 游戏手机 小米 红米,2199,小米京东自营旗舰店,30万+
790,纽曼（Newman）,纽曼（Newman）P9 布鲁灰 老人智能手机 4G全网通 移动/联通/电信 大电池超长待机老人机 学生备用老年手机,398,纽曼京东自营官方旗舰店,1000+
791,三星（SAMSUNG）,三星Galaxy Note20 Ultra 5G(SM-N9860)S Pen&三星笔记 120Hz自适应屏幕 5G手机游戏手机 12GB+256GB 迷雾金,9199,三星京东自营官方旗舰店,2万+
792,中兴（ZTE）,中兴 ZTE V2020 Smart孝心版 星云灰128GB全网通 高清四摄 4G双卡双待时光机老年手机老人机智能手机,798,中兴京东自营官方旗舰店,1万+
793,诺基亚（NOKIA）,诺基亚 NOKIA 125 蓝色 直板按键 移动2G手机 双卡双待 老人老年手机 学生备用功能机 超长待机,189,诺基亚手机京东自营旗舰店,9万+
794,酷派（Coolpad）,酷派酷玩10 高性能游戏智能手机 4800万高清摄像 6.53英寸升降全面屏 6GB+128GB 晴空蓝,1199,酷派京东自营旗舰店,2000+
795,守护宝,守护宝（上海中兴）K299 红色 移动联通电信4G老人机 双卡双待翻盖老人手机 学生备用功能老年机,369,守护宝手机京东自营旗舰店,2000+
796,OPPO,OPPO A72(PDYT20)5G双模全网通 90Hz全面屏 拍照游戏视频学生全网通智能手机 简单黑 8GB+128GB,1899,中国移动官方旗舰店,23
797,纽曼（Newman）,纽曼 Newman A9 尊贵金 超长待机 双屏翻盖老人手机 移动2G 大屏大字大按键 双卡双待老年机 老年备用功能机,128,纽曼京东自营官方旗舰店,1000+
798,小米（MI）,小米10 至尊纪念版 双模5G 骁龙865 120HZ高刷新率 120倍长焦镜头 120W快充 8GB+128GB 陶瓷黑 游戏手机,5299,小米京东自营旗舰店,1万+
799,三星（SAMSUNG）,三星 Galaxy S20 5G (SM-G9810)双模5G 骁龙865 120Hz超感屏 游戏手机 12GB+128GB 意象白【合约直降版】,6999,三星京东自营官方旗舰店,5000+
800,三星（SAMSUNG）,三星 Galaxy S20 5G (SM-G9810)双模5G 骁龙865 120Hz超感屏游戏手机 12GB+128GB 遐想灰【购机补贴版】,6999,三星京东自营官方旗舰店,2万+
801,三星（SAMSUNG）,三星 Galaxy S20 5G (SM-G9810)双模5G 骁龙865 120Hz超感屏 游戏手机 12GB+128GB 遐想灰【购机补贴版】,6999,三星京东自营官方旗舰店,2万+
802,三星（SAMSUNG）,三星 Galaxy S20 5G (SM-G9810)双模5G 骁龙865 120Hz超感屏游戏手机 12GB+128GB 浮氧蓝【合约直降版】,6999,三星京东自营官方旗舰店,1万+
803,三星（SAMSUNG）,三星 Galaxy S20+ 5G(SM-G9860)双模5G 骁龙865 120Hz超感屏游戏手机 12GB+128GB 幻游黑【合约直降版】,7999,三星京东自营官方旗舰店,9000+
804,三星（SAMSUNG）,三星 Galaxy Z Flip 5G（SM-F7070） 折叠屏手机 双模5G 骁龙865+ 8GB+256GB 迷雾金【购机补贴版】,12499,三星京东自营官方旗舰店,2000+
805,三星（SAMSUNG）,三星 Galaxy Z Flip 5G（SM-F7070）折叠屏手机 双模5G 骁龙865+  8GB+256GB 迷雾金【购机补贴版】,12499,三星京东自营官方旗舰店,2000+
806,朵唯（DOOV）,朵唯（DOOV）D6 pro 8GB+128GB 象牙白 智能手机 4G全网通 老人学生双卡双待手机,799,朵唯手机京东自营旗舰店,1万+
807,vivo,vivo Y3 4GB+128GB 海风青 5000mAh大电池 强劲续航手机 超广角AI智慧三摄 移动联通电信全网通4G手机【购机补贴版】,1298,vivo京东自营官方旗舰店,4000+
808,vivo,vivo X30 5G 曜石 8GB+256GB 双模5G 20倍变焦 50mm专业人像镜头 全网通智慧旗舰手机【购机补贴版】,3298,vivo京东自营官方旗舰店,6000+
809,vivo,vivo Y3 4GB+64GB版 绯玉红 5000mAh大电池 强劲续航手机 超广角AI智慧三摄 移动联通电信全网通4G手机【购机补贴版】,1098,vivo京东自营官方旗舰店,7000+
810,vivo,vivo S7 5G手机 8GB+256GB 莫奈漫彩 前置4400万AF双摄自拍 后置6400万超感光夜摄 双模5G全网通手机【购机补贴版】,3098,vivo京东自营官方旗舰店,1万+
811,vivo,vivo X50 5G手机 8+128GB 液氧 超感光夜摄 后置4800W像素 90Hz超薄柔性屏  双模5G全网通手机【购机补贴版】,3498,vivo京东自营官方旗舰店,1万+
812,vivo,vivo Y9s 8GB+128GB 幻彩晴空 3200万超清自拍 4800万全场景四摄 4500mAh大电池 全网通4G手机【购机补贴版】,1798,vivo京东自营官方旗舰店,5000+
813,vivo,vivo X30 Pro 5G aw联名限定版 8GB+128GB 双模5G 60倍变焦 全网通智慧旗舰手机【购机补贴版】,3798,vivo京东自营官方旗舰店,400+
814,vivo,vivo S5 8GB+128GB 星眸黑 前置3200万写真级自拍 4800万菱感四摄极点屏手机 全网通4G手机【购机补贴版】,1998,vivo京东自营官方旗舰店,5000+
815,vivo,vivo Y51s 5G手机 6+128GB 碧海蓝 4500mAh大电池 双引擎闪充 4800万后置三摄 双模5G全网通手机【购机补贴版】,1798,vivo京东自营官方旗舰店,8000+
816,vivo,vivo Y50 8GB+128GB 冰川蓝 5000mAh大电池 极点屏 后置四摄 全网通4G手机【购机补贴版】,1698,vivo京东自营官方旗舰店,4000+
817,vivo,vivo Z5i 8GB+128GB 玛瑙黑 骁龙675处理器 5000mAh大电池 超广角AI智慧三摄 全网通4G【购机补贴版】,1798,vivo京东自营官方旗舰店,1000+
818,vivo,vivo X30 5G 秘银 8GB+256GB 双模5G 20倍变焦 50mm专业人像镜头 全网通智慧旗舰手机【购机补贴版】,3298,vivo京东自营官方旗舰店,1万+
819,vivo,vivo Y50 8GB+128GB 流光银 5000mAh大电池 极点屏 后置四摄 全网通4G手机【购机补贴版】,1698,vivo京东自营官方旗舰店,6000+
820,vivo,vivo Y5s 6GB+128GB 琉璃黑 超广角微距AI三摄 5000mAh大电池 移动联通电信全网通4G手机【购机补贴版】,1498,vivo京东自营官方旗舰店,6000+
821,vivo,vivo X30 5G 虹影 8GB+128GB 双模5G 20倍变焦 50mm专业人像镜头 全网通智慧旗舰手机【合约立减版】,2998,vivo京东自营官方旗舰店,2000+
822,vivo,vivo X50 Pro+ 5G手机 8+256GB 驼色 超清一亿模式 高通骁龙865 60倍超级变焦 双模5G全网通手机【购机补贴版】,5498,vivo京东自营官方旗舰店,1000+
823,vivo,vivo X50 Pro+ 5G手机 8+128GB 驼色 超清一亿模式 高通骁龙865 60倍超级变焦 双模5G全网通手机【购机补贴版】,4998,vivo京东自营官方旗舰店,400+
824,vivo,vivo Y3 4GB+64GB版 墨黛蓝 5000mAh大电池 强劲续航手机 超广角AI智慧三摄 移动联通电信全网通4G手机【购机补贴版】,1098,vivo京东自营官方旗舰店,1万+
825,vivo,vivo S5 8GB+256GB 星眸黑 前置3200万写真级自拍 4800万菱感四摄极点屏手机 全网通4G手机【购机补贴版】,2298,vivo京东自营官方旗舰店,2000+
826,小米（MI）,小米10青春版 双模5G 骁龙765G 50倍潜望式变焦四摄 6GB+128GB 黑巧风暴 游戏手机【购机补贴版】,1999,小米京东自营旗舰店,2万+
827,OPPO,OPPO A11 5000mAh大电池 AI四摄 视频防抖 6GB+256GB 湖光绿 全网通4G【购机补贴版】,1499,OPPO京东自营官方旗舰店,1万+
828,OPPO,"京品手机	
OPPO Reno3 Pro 双模5G 视频双防抖 90HZ高感曲面屏 7.7mm轻薄机身 12GB+256GB 日出印象【购机补贴版】",4199,OPPO京东自营官方旗舰店,8000+
829,OPPO,OPPO Reno4 65W超级闪充 视频超级防抖 双模5G 8GB+128GB 晶钻蓝 拍照游戏视频手机 【购机补贴版】,2999,OPPO京东自营官方旗舰店,1万+
830,OPPO,OPPO K7 双模5G 骁龙765G OLED屏幕指纹 4800万超清四摄 3200万前摄 8+128GB 海夜【购机补贴版】,1999,OPPO京东自营官方旗舰店,4万+
831,OPPO,OPPO Ace2 8+256 月岩灰 高通骁龙865 双模5G 65W超级闪充 40W无线闪充 90Hz电竞屏 游戏手机 【购机补贴版】,3999,OPPO京东自营官方旗舰店,2000+
832,OPPO,OPPO Find X2 Pro 兰博基尼版 120Hz 骁龙865 65w闪充12GB+512GB碳纤黑 双模5G 【购机补贴版】,12999,OPPO京东自营官方旗舰店,500+
833,OPPO,OPPO A92s 6GB+128GB 佳人粉 双模5G 120Hz全面屏 前置双摄+后置4800W四摄 侧边指纹【购机补贴版】,1999,OPPO京东自营官方旗舰店,3000+
834,荣耀（honor）,荣耀V30 PRO DXO122分 5G双模 麒麟990 5GSOC芯片 双超级快充 游戏手机8GB+256GB【购机补贴版】,4199,荣耀京东自营旗舰店,3万+
835,荣耀（HONOR）,"京品手机	
荣耀V30 PRO DXO122分 5G双模 麒麟990 5GSOC芯片 双超级快充 游戏手机8GB+128GB魅海星蓝 【购机补贴版】",3899,荣耀京东自营旗舰店,3万+
836,三星（SAMSUNG）,三星 Galaxy A71 5G（SM-A7160）双模5G 6400万后置四摄 4500mAh大电池 8GB+128GB 镭丝黑,2899,三星京东自营官方旗舰店,4万+
837,小米（MI）,Redmi 8A 5000mAh大电量 大字体大音量大内存 骁龙八核处理器 AI人脸解锁 莱茵护眼全面屏 4GB+64GB 耀夜黑 游戏智能老人手机 小米 红米,699,小米京东自营旗舰店,40万+
838,小米（MI）,Redmi Note8 4800万全场景四摄 4000mAh长续航 高通骁龙665 18W快充 小金刚品质保证 6GB+128GB 梦幻蓝 游戏智能手机 小米 红米【购机补贴版】,1299,小米京东自营旗舰店,5万+
839,真我（realme）,realme 真我X7 6400万高清四摄 65W SUPERDART智慧闪充 仅175g 超轻 超薄 C位色 8GB+128GB游戏 智能5g手机,1999,realme真我京东自营旗舰店,3000+
840,摩托罗拉（Motorola）,"京品手机	
摩托罗拉 razr 5G 刀锋折叠屏手机 双模5G全网通 超薄无缝无折痕+大双屏 4800万超强自拍 8GB+256GB 锋雅黑",12499,摩托罗拉手机京东自营官方旗舰店,3000+
841,小米（MI）,小米10 至尊纪念版 双模5G  骁龙865 120HZ高刷新率 120倍长焦镜头 120W快充 12GB+256GB  陶瓷黑  游戏手机,5999,小米京东自营旗舰店,4万+
842,小米（MI）,小米10 至尊纪念版 双模5G 骁龙865 120HZ高刷新率 120倍长焦镜头 120W快充 8GB+128GB 陶瓷黑 游戏手机,5299,小米京东自营旗舰店,1万+
843,小米（MI）,小米10 至尊纪念版 双模5G 骁龙865 120HZ高刷新率 120倍长焦镜头 120W快充 12GB+256GB  透明版 游戏手机,5999,小米京东自营旗舰店,3万+
844,OPPO,OPPO Ace2 8+256 【OPPO智能运动手环套装】月岩灰 高通骁龙865 185g超薄机身 65W超级闪充 40W无线闪充,4098,OPPO京东自营官方旗舰店,2000+
845,OPPO,OPPO Ace2 8+256 【OPPO智能运动手环套装】梦幻紫 高通骁龙865 185g超薄机身 65W超级闪充 40W无线闪充,4098,OPPO京东自营官方旗舰店,1000+
846,OPPO,OPPO Ace2 8+256 【OPPO Enco W31无线耳机套装】梦幻紫 高通骁龙865 双模5G 185g超薄机身 65W超级闪充,3999,OPPO京东自营官方旗舰店,1000+
847,OPPO,OPPO Reno4 【OPPO Enco W31无线耳机套装】 65W超级闪充 视频超级防抖 双模5G 8GB+128GB 晶钻蓝 视频手机,2899,OPPO京东自营官方旗舰店,1万+
848,飞利浦（PHILIPS ）,飞利浦（PHILIPS） S351F 咖啡黑 3+32GB 双屏高端智能翻盖手机 移动联通电信全网通4G 触屏老人商务手机,1799,飞利浦手机京东自营旗舰店,1000+
849,三星（SAMSUNG）,三星Galaxy Note20 Ultra 5G(SM-N9860) 12GB+256GB 初露白 S Pen&三星笔记 120Hz自适应屏幕 5G手机游戏手机,8069,中国移动官方旗舰店,100+
850,荣耀（HONOR）,荣耀Play4T 全网通6GB+64GB大内存 蓝水翡翠 4000mAh大电池 4800万AI摄影 6.39英寸魅眼屏,1099,荣耀京东自营旗舰店,1万+
851,荣耀（HONOR）,荣耀Play4T 全网通6GB+64GB大内存 幻夜黑 4000mAh大电池 4800万AI摄影 6.39英寸魅眼屏,1099,荣耀京东自营旗舰店,3万+
852,荣耀（HONOR）,荣耀Play4T 全网通6GB+64GB大内存 极光蓝 4000mAh大电池 4800万AI摄影 6.39英寸魅眼屏,1099,荣耀京东自营旗舰店,2万+
853,飞利浦（PHILIPS ）,飞利浦（PHILIPS） E517A  典雅黑 老人手机 移动联通电信三网4G 直板按键 儿童学生备用功能机4G 老年手机,299,飞利浦手机京东自营旗舰店,8万+
854,飞利浦（PHILIPS ）,飞利浦（PHILIPS） E517A 皇家蓝 老人手机 移动联通电信三网4G 直板按键 儿童学生备用功能机4G 老年手机,299,飞利浦手机京东自营旗舰店,5000+
855,真我（realme）,realme 真我X7 Pro 120Hz柔性屏 仅184g 65W闪充6400万超广角四摄 C位色 8GB+128GB 游戏5g轻薄旗舰手机,2499,realme真我京东自营旗舰店,4万+
856,三星（SAMSUNG）,三星Galaxy Z Fold2 5G(SM-F9160)双模5G折叠屏手机 骁龙865+ 内外双屏12GB+512GB迷雾金,16999,三星京东自营官方旗舰店,3000+
857,vivo,vivo iQOO 5 Pro 赛道版蓝牙耳机套装 8GB+256GB 120W闪充 骁龙865 游戏手机 双模5G全网通vivoiqoo5pro,5447,vivo京东自营官方旗舰店,6000+
858,vivo,vivo iQOO 5 Pro 赛道版蓝牙耳机套装 12GB+256GB 120W闪充 骁龙865 游戏手机 双模5G全网通vivoiqoo5pro,5947,vivo京东自营官方旗舰店,1万+
859,vivo,vivo X50 Pro+ 5G手机 12+256GB 驼色 超清一亿模式 高通骁龙865 60倍超级变焦 双模5G全网通手机【购机补贴版】,5998,vivo京东自营官方旗舰店,400+
860,vivo,vivo X50 Pro+ 5G手机 12+256GB 引力 超清一亿模式 高通骁龙865 60倍超级变焦 双模5G全网通手机【购机补贴版】,5998,vivo京东自营官方旗舰店,1000+
861,vivo,vivo Z5i 8GB+128GB 玉瓷青 骁龙675处理器 5000mAh大电池 超广角AI智慧三摄 全网通4G手机【购机补贴版】,1798,vivo京东自营官方旗舰店,2000+
862,vivo,"京品手机	
vivo S5 8GB+128GB 冰岛恋歌 前置3200万写真级自拍 4800万菱感四摄极点屏手机 全网通4G手机【购机补贴版】",1998,vivo京东自营官方旗舰店,1万+
863,vivo,vivo?NEX 3?5G 深空流光 8GB+256GB?无界瀑布屏?高通骁龙855Plus?6400万三摄 5G智慧旗舰手机?全网通手机【购机补贴版】,4998,vivo京东自营官方旗舰店,1万+
864,vivo,vivo Y5s 6GB+128GB 晶石蓝 超广角微距AI三摄 5000mAh大电池 移动联通电信全网通4G手机【购机补贴版】,1498,vivo京东自营官方旗舰店,3000+
865,vivo,vivo Y5s 6GB+128GB 晶石蓝 超广角微距AI三摄 5000mAh大电池 移动联通电信全网通4G手机【购机补贴版】,1498,vivo京东自营官方旗舰店,3000+
866,天语（K-Touch）,天语S9pro耀石黑 全网通4G+智能AI语音 老人手机 移动电信联通都能使用 专为老年人设计的经典手机,258,天语手机京东自营官方旗舰店,5000+
867,守护宝,守护宝（上海中兴）K230 蓝色 移动联通电信三网4G老人机 直板按键双卡双待老年手机 儿童学生备用功能老年机,199,守护宝手机京东自营旗舰店,1万+
868,守护宝,守护宝（上海中兴）F20 黑色 6英寸大屏 3G+32G 4G全网通老人机 双卡双待老人智能手机,449,守护宝手机京东自营旗舰店,5000+
869,守护宝,守护宝（上海中兴）F20 蓝色  6.0英寸大屏 3G+32G 4G全网通老人机 双卡双待老人智能手机,449,守护宝手机京东自营旗舰店,6000+
870,京崎（TOOKY）,京崎(TOOKY) A1 全网通4G触屏手写抖音微信直板按键智能移动联通电信老人老年手机 红色,299,京崎（TOOKY）手机京东自营旗舰店,700+
871,柔宇（ROYOLE）,柔宇ROYOLE FlexPai 2 新一代5G双模折叠屏手机 骁龙865旗舰四摄 类镜面平整度 柔派2 灰色8GB+256GB,9988,柔宇（ROYOLE）折叠屏手机京东自营旗舰店,1000+
872,荣耀（honor）,荣耀X10  5G双模 麒麟820 4300mAh续航 4000万高感光影像系统 全网通 8GB+128GB 探速黑【购机补贴版】,2399,荣耀京东自营旗舰店,4万+
873,荣耀（HONOR）,荣耀X10  5G双模 麒麟820 4300mAh续航 4000万高感光影像系统 全网通 8GB+128GB 竞速蓝【购机补贴版】,2399,荣耀京东自营旗舰店,4万+
874,OPPO,OPPO A32 8+128GB 琉璃黑5000mAh大电池 128G大内存 90Hz全面屏拍照视频手机,1498,京东超体OPPO专卖店,5
875,酷派（Coolpad）,酷派（Coolpad）COOL12A 4+64GB 珍珠全面屏智能手机 全网通4G 人脸指纹双解锁 老人儿童学生备用手机 梦幻银,599,酷派京东自营旗舰店,1万+
876,小米（MI）,Redmi 10X 4G Helio G85游戏芯 4800万超清四摄 5020mAh大电量 小孔全面屏 128GB大存储 6GB+128GB 明月灰 游戏智能手机 小米 红米【购机补贴版】,1199,小米京东自营旗舰店,2万+
877,小米（MI）,Redmi 10X 5G 天玑820 双5G待机 4800万流光相机 水滴全面屏 8GB+256GB 胧月金 游戏智能手机 小米 红米【购机补贴版】,2399,小米京东自营旗舰店,3000+
878,小米（MI）,Redmi 10X 5G 天玑820 双5G待机 4800万流光相机 水滴全面屏 8GB+128GB 星露白 游戏智能手机 小米 红米【购机补贴版】,2099,小米京东自营旗舰店,8000+
879,小米（MI）,Redmi 10X 5G 天玑820 双5G待机 4800万流光相机 水滴全面屏 8GB+256GB 凝夜紫 游戏智能手机 小米 红米【购机补贴版】,2399,小米京东自营旗舰店,1万+
880,小米（MI）,Redmi 9 大字体大音量大内存 全场景AI四摄 高性能游戏芯 4GB+128GB 墨黛青 游戏智能手机 小米 红米【购机补贴版】,999,小米京东自营旗舰店,6000+
881,小米（MI）,Redmi 10X 4G Helio G85游戏芯 4800万超清四摄 5020mAh大电量 小孔全面屏 128GB大存储 4GB+128GB 明月灰 游戏智能手机 小米 红米【购机补贴版】,999,小米京东自营旗舰店,5万+
882,小米（MI）,Redmi 8 5000mAh大电量 大字体大音量大内存 3D四曲面机身 AI双摄 骁龙八核处理器 AI人脸解锁 4GB+64GB 仙踪绿 游戏智能手机 小米 红米【购机补贴版】,799,小米京东自营旗舰店,1万+
883,小米（MI）,Redmi 9 大字体大音量大内存 全场景AI四摄 高性能游戏芯 4GB+128GB 藕荷粉 游戏智能手机 小米 红米【购机补贴版】,999,小米京东自营旗舰店,1万+
884,小米（MI）,Redmi 9 大字体大音量大内存 全场景AI四摄 高性能游戏芯 6GB+128GB 藕荷粉 游戏智能手机 小米 红米【购机补贴版】,1199,小米京东自营旗舰店,6000+
885,小米（MI）,Redmi 10X 5G 天玑820 双5G待机 4800万流光相机 水滴全面屏 8GB+256GB 深海蓝 游戏智能手机 小米 红米【购机补贴版】,2399,小米京东自营旗舰店,1万+
886,小米（MI）,Redmi 9 大字体大音量大内存 全场景AI四摄 高性能游戏芯 4GB+128GB 碳素黑 游戏智能手机 小米 红米【购机补贴版】,999,小米京东自营旗舰店,2万+
887,一加,一加手机 OnePlus 8T 5G旗舰 120Hz柔性直屏 65W闪充 高通骁龙865 超清四摄 12GB+256GB 青域 拍照游戏手机,3699,一加手机京东自营官方旗舰店,10万+
888,飞利浦（PHILIPS ）,飞利浦（PHILIPS）E515A 陨石黑 移动联通电信三网4G 翻盖老人手机 功能机4G 双卡双待老年手机学生备用机,499,飞利浦手机京东自营旗舰店,3000+
889,OPPO,OPPO A32 4+128GB 琉璃黑5000mAh大电池 128G大内存 90Hz全面屏拍照视频手机,1198,京东超体OPPO专卖店,0
890,锤子（smartisan）,坚果 R2 12GB+256GB 松绿色 1亿像素 骁龙865 双系统双模5G旗舰手机,4699,坚果手机京东自营官方旗舰店,8万+
891,三星（SAMSUNG）,"京品手机	
三星 Galaxy A51 5G 双模5G Super AMOLED屏 后置四摄 3200万前置 双卡双待 8GB+128GB迷踪黑【购机补贴版】",2999,三星京东自营官方旗舰店,2万+
892,三星（SAMSUNG）,三星 Galaxy Note20 5G（SM-N9810）S Pen&三星笔记  游戏手机 5G手机 8GB+256GB 迷雾金【购机补贴版】,7399,三星京东自营官方旗舰店,3000+
893,三星（SAMSUNG）,三星Galaxy Note10+ 5G(SM-N9760)骁龙855 后置四摄 智能S Pen  游戏手机12GB+256GB密斯白【购机补贴版】,6499,三星京东自营官方旗舰店,8000+
894,守护宝,守护宝（上海中兴）K399 黑色 移动联通电信三网4G老人机 双卡双待 翻盖手机老年机 儿童学生手机,439,守护宝手机京东自营旗舰店,5000+
895,OPPO,OPPO Reno4 SE【现货开售】 8+128 超闪蓝 65W超级闪充 3200万前置自拍 轻薄 双模5G 拍照手机【购机补贴版】,2499,OPPO京东自营官方旗舰店,2万+
896,OPPO,OPPO A32 8+128GB 幻想蓝 5000mAh超大电池 128G大内存 90Hz全面屏拍照视频游戏手机【购机补贴版】,1499,OPPO京东自营官方旗舰店,9000+
897,诺基亚（NOKIA）,诺基亚 NOKIA 215 4G 移动联通电信三网4G 黑色 直板按键 双卡双待 备用功能机 老人老年手机 学生备用机,289,诺基亚手机京东自营旗舰店,5万+
898,索尼（SONY）,索尼（SONY）Xperia5 II 5G智能手机 骁龙865 6.1英寸 21：9 120HzOLED屏 8GB+256GB 游戏支持 黑色,5999,SONY京东自营官方旗舰店,5000+
899,索尼（SONY）,索尼（SONY）Xperia1 II 5G智能手机 4K屏 骁龙865 12G+256G 微单技术 蔡司镀膜 拍照游戏 20帧/秒 夜砚黑,7199,SONY京东自营官方旗舰店,5000+
900,真我（realme）,realme 真我Q2 Pro 4800万四摄 65W智慧闪充 超轻超薄 轻潮灰 8GB+128GB  双5g游戏手机,1599,realme真我京东自营旗舰店,5万+
901,三星（SAMSUNG）,三星 Galaxy S20 FE 5G(SM-G7810)双模5G 骁龙865 120Hz屏幕刷新率 多彩雾面质感 游戏手机 8GB+256GB 空境白,4999,三星京东自营官方旗舰店,8万+
902,三星（SAMSUNG）,三星 Galaxy S20 FE 5G(SM-G7810)双模5G 骁龙865 120Hz屏幕刷新率 多彩雾面质感 游戏手机 8GB+128GB 异想蓝,4599,三星京东自营官方旗舰店,8万+
903,vivo,vivo iQOO Neo3 5G 8GB+128GB 极昼 高通骁龙865 144Hz竞速屏 立体双扬 44W闪充 双模5G全网通手机,2698,vivo京东自营官方旗舰店,6万+
904,荣耀（HONOR）,荣耀9X 麒麟810 4000mAh超强续航 4800万超清夜拍 6.59英寸升降全面屏 全网通8GB+128GB 【购机补贴版】,1999,荣耀京东自营旗舰店,1万+
905,荣耀（HONOR）,荣耀20青春版 AMOLED屏幕指纹 4000mAh大电池 20W快充 4800万 手机 8GB+128GB 幻夜黑【购机补贴】,1799,荣耀京东自营旗舰店,7000+
906,荣耀（HONOR）,荣耀9X 麒麟810 4000mAh超强续航 4800万超清夜拍 6.59英寸升降全面屏 全网通8GB+128GB 【购机补贴版】,1999,荣耀京东自营旗舰店,1万+
907,荣耀（HONOR）,荣耀9X 麒麟810 4000mAh超强续航 4800万超清夜拍 6.59英寸升降全面屏 6GB+128GB 魅焰红【购机补贴版】,1799,荣耀京东自营旗舰店,2万+
908,荣耀（HONOR）,荣耀20青春版 AMOLED屏幕指纹 4000mAh大电池 20W快充 4800万 手机 6GB+128GB 幻夜黑【购机补贴】,1599,荣耀京东自营旗舰店,2万+
909,荣耀（honor）,荣耀20青春版 AMOLED屏幕指纹 4000mAh大电池 20W快充 4800万 手机 6GB+128GB 冰岛幻境【购机补贴】,1599,荣耀京东自营旗舰店,3万+
910,荣耀（HONOR）,荣耀20青春版 AMOLED屏幕指纹 4000mAh大电池 20W快充 4800万 手机 8GB+128GB 冰岛幻境【购机补贴】,1799,荣耀京东自营旗舰店,8000+
911,荣耀（HONOR）,荣耀20青春版 AMOLED屏幕指纹 4000mAh大电池 20W快充 4800万 手机 6GB+128GB 蓝水翡翠【购机补贴】,1599,荣耀京东自营旗舰店,4万+
912,荣耀（HONOR）,荣耀9X 麒麟810 4000mAh超强续航 4800万超清夜拍 6.59英寸升降全面屏 6GB+128GB 冰岛白【购机补贴版】,1799,荣耀京东自营旗舰店,1万+
913,朵唯（DOOV）,朵唯（DOOV）K10 Pro 8GB+128GB 银月辉 智能手机 5G全网通 老人学生双卡双待手机,1199,朵唯手机京东自营旗舰店,300+
914,天语（K-Touch）,天语 K-Touch T15 Pro 全网通4G智能老人手机 微信抖音 超长待机 触屏手写 学生备用老年手机 黑色,289,天语手机京东自营官方旗舰店,2000+
915,诺基亚（NOKIA）,诺基亚 NOKIA 225 4G 移动联通电信三网4G 黑色 直板按键 双卡双待 备用功能机 老人老年手机 学生备用机,349,诺基亚手机京东自营旗舰店,5000+
916,三星（SAMSUNG）,三星 Galaxy S20 FE 5G(SM-G7810)双模5G 骁龙865 120Hz屏幕刷新率 多彩雾面质感 游戏手机 8GB+256GB 空境白,4999,三星京东自营官方旗舰店,2000+
917,三星（SAMSUNG）,三星 Galaxy S20 FE 5G(SM-G7810)双模5G 骁龙865 120Hz屏幕刷新率 多彩雾面质感 游戏手机 8GB+128GB 空境白,4599,三星京东自营官方旗舰店,4000+
918,Apple,Apple iPhone 12 mini (A2400) 128GB 白色 手机 支持移动联通电信5G,5999,Apple产品京东自营旗舰店,7万+
919,Apple,Apple iPhone 12 Pro Max (A2412) 256GB 海蓝色 支持移动联通电信5G 双卡双待手机,10099,Apple产品京东自营旗舰店,30万+
920,金立（Gionee）,金立 Gionee X50 8GB+128GB 初桃粉 3900mAh大电池 后置单摄 6.5英寸水滴屏 微信8开 全网通4G 双卡双待,799,金立手机京东自营旗舰店,3000+
921,小辣椒,小辣椒 9A 6GB+64GB 幻夜黑 3900mAh大电池 后置单摄 6.5英寸水滴屏 微信8开 全网通4G 双卡双待,599,小辣椒手机京东自营官方旗舰店,2000+
922,纽曼（Newman）,纽曼 Newman L8 星空黑 4G全网通 移动联通电信老人手机 双卡双待 大字大声 超长待机老年机 老年备用功能机,188,纽曼京东自营官方旗舰店,3000+
923,Apple,Apple iPhone 12 Pro Max (A2412) 128GB 金色 支持移动联通电信5G 双卡双待手机 换购版,9299,Apple产品京东自营旗舰店,5000+
924,真我（realme）,"京品手机	
realme 真我Q2 4800万像素 120Hz畅速屏 双5G天玑800U 冲浪蓝孩 4GB+128GB 30W闪充 手机 OPPO提供售后支持",1299,realme真我京东自营旗舰店,1万+
925,真我（realme）,"京品手机	
realme 真我Q2 4800万像素 120Hz畅速屏 双5G天玑800U 银翼少年 6GB+128GB 30W闪充 手机 OPPO提供售后支持【一年碎屏保套装】",1349,realme真我京东自营旗舰店,5万+
926,真我（realme）,"京品手机	
realme 真我Q2 4800万像素 120Hz畅速屏 双5G天玑800U 冲浪蓝孩 4GB+128GB 30W闪充 手机 OPPO提供售后支持",1299,realme真我京东自营旗舰店,1万+
927,Apple,Apple iPhone 12 (A2404) 128GB 红色 支持移动联通电信5G 双卡双待手机,6799,中国移动官方旗舰店,52
928,Apple,Apple iPhone 12 (A2404) 128GB 白色 支持移动联通电信5G 双卡双待手机,6799,中国移动官方旗舰店,300+
929,Apple,Apple iPhone 12 Pro (A2408) 256GB 海蓝色 支持移动联通电信5G 双卡双待手机,9299,中国移动官方旗舰店,300+
930,Apple,Apple iPhone 12 (A2404) 128GB 黑色 支持移动联通电信5G 双卡双待手机,6799,中国移动官方旗舰店,200+
931,Apple,Apple iPhone 12 mini (A2400) 256GB 红色 手机 支持移动联通电信5G,6799,北京移动京东自营旗舰店,12
932,Apple,Apple iPhone 12 mini (A2400) 128GB 蓝色 手机 支持移动联通电信5G,5999,北京移动京东自营旗舰店,9
933,Apple,Apple iPhone 12 mini (A2400) 128GB 白色 手机 支持移动联通电信5G,5999,北京移动京东自营旗舰店,5
934,Apple,Apple iPhone 12 mini (A2400) 64GB 白色 手机 支持移动联通电信5G,5499,北京移动京东自营旗舰店,1
935,Apple,Apple iPhone 12 mini (A2400) 64GB 红色 手机 支持移动联通电信5G,5499,北京移动京东自营旗舰店,1
936,Apple,Apple iPhone 12 mini (A2400) 64GB 蓝色 手机 支持移动联通电信5G,5499,北京移动京东自营旗舰店,2
937,Apple,Apple iPhone 12 Pro (A2408) 256GB 海蓝色 支持移动联通电信5G 双卡双待手机,9049,中国移动官方旗舰店,2000+
938,小米（MI）,Redmi K30S 至尊纪念版 双模5G 骁龙865 144HzLCD旗舰屏幕  8GB+128GB 月光银 游戏手机 小米 红米,2599,小米京东自营旗舰店,10万+
939,Apple,Apple iPhone 12 (A2404) 128GB 白色 支持移动联通电信5G 双卡双待手机,6599,中国移动官方旗舰店,3万+
940,vivo,vivo iQOO U1x 6GB+64GB 曜光黑 5000mAh大电池 骁龙662处理器 AI全场景三摄 全网通大屏拍照手机iqoou1x,999,vivo京东自营官方旗舰店,10万+
941,vivo,vivo Y3s 4GB+128GB 海风青 5000mAh大电池 AI智慧双摄 面部识别 全网通智能手机,1198,vivo京东自营官方旗舰店,1万+
942,纽曼（Newman）,纽曼（Newman）N97全网通4G老人机 双屏翻盖手机 移动联通电信三网老年手机 双卡双待 儿童学生备用机 玫瑰金,279,纽曼京东自营官方旗舰店,1000+
943,索爱（soaiy）,索爱（soaiy）P50 Pro 6GB+128GB蓝珊瑚 4G全网通老人学生智能手机水滴全面屏 八核游戏拍照指纹人脸解锁,799,索爱（soaiy）手机京东自营旗舰店,4000+
944,纽曼（Newman）,纽曼（Newman）N97 翻盖老人手机 移动联通电信4G全网通 大字大声超长待机 双卡双待老年备用学生机 中国红,279,纽曼京东自营官方旗舰店,1000+
945,索爱（soaiy）,索爱（soaiy）P50 Pro 6GB+64GB天空之境 4G全网通老人学生智能手机水滴全面屏 八核游戏拍照指纹人脸解锁,699,索爱（soaiy）手机京东自营旗舰店,4000+
946,小米（MI）,小米10 至尊纪念版 双模5G 骁龙865 120HZ高刷新率 120倍长焦镜头 120W快充 8GB+256GB  透明版 游戏手机,5599,小米京东自营旗舰店,1万+
947,Apple,Apple iPhone 12Apple iPhone 12 Pro Max (A2412) 128GB 海蓝色 支持移动联通电信5G 双卡双待手机,9299,中国联通京东自营旗舰店,400+
948,荣耀（HONOR）,荣耀X10  5G双模 麒麟820 4300mAh续航 4000万高感光影像系统 6.63英寸升降全面屏 全网通 6GB+64GB 竞速蓝,1899,荣耀京东自营旗舰店,1万+
949,OPPO,OPPO Reno4 SE【现货开售】 8+128 超闪蓝 65W超级闪充 3200万前置自拍 轻薄外观 双模5G 拍照手机,2499,北京电信京东自营旗舰店,4
950,OPPO,OPPO A72 5G 8+128GB 简单黑 90Hz全面屏 7.9mm超轻薄机身 18W快充 后置三摄AI智慧美颜拍照视频手机,1899,北京电信京东自营旗舰店,5
951,Apple,Apple iPhone 12 Pro Max（A2412） 256GB 海蓝色 支持移动联通电信5G 双卡双待手机,9799,中国移动官方旗舰店,4000+
952,荣耀（HONOR）,荣耀30青春版 5G双模 6.5英寸柔滑全速屏 4000mAh大电池 22.5W快充 4800万高感光拍摄 6GB+64GB 夏日彩虹,1699,荣耀京东自营旗舰店,3000+
953,华为（HUAWEI）,华为 HUAWEI Mate 40 Pro麒麟9000 SoC芯片 超感知徕卡电影影像 有线无线双超级快充8GB+256GB釉白色5G全网通,6999,华为京东自营官方旗舰店,20万+
954,华为（HUAWEI）,华为 HUAWEI Mate 30E Pro 5G麒麟990E SoC芯片 双4000万徕卡电影影像 8GB+256GB星河银全网通手机,5799,华为京东自营官方旗舰店,40万+
955,天语（K-Touch）,天语（K-Touch）S9 老人手机 高清大屏 超长待机老年手机 双侧键全语音王 移动联通备用功能机 曜石黑,188,天语手机京东自营官方旗舰店,3000+
956,纽曼（Newman）,纽曼 Newman R21 中国红 超长待机 老人手机 移动联通2G 直板按键 大字大声 双卡双待老年机 老年备用功能机,178,纽曼京东自营官方旗舰店,1000+
957,京崎（TOOKY）,京崎（TOOKY）X8 老人手机 超长待机 移动/联通2G 双卡双待 三防户外直板按键老年学生备用功能手机 绿色,109,京崎（TOOKY）手机京东自营旗舰店,1000+
958,纽曼（Newman）,纽曼（Newman）L9 悍马绿 超长待机 三防老人手机 移动2G 直板按键 大声音 双卡双待老年机 学生备用功能机,168,纽曼京东自营官方旗舰店,1万+
959,纽曼（Newman）,纽曼（Newman）L9 中国红 超长待机 三防老人手机 移动2G 直板按键 大声音 双卡双待老年机 学生备用功能机,168,纽曼京东自营官方旗舰店,2万+
960,纽曼（Newman）,纽曼（Newman）V998 耀石黑 透明翻盖老人手机 移动联通 手写触屏 超长待机 双卡双待老年机 学生备用功能机,299,纽曼京东自营官方旗舰店,500+
961,索尼（SONY）,索尼（SONY）Xperia5 II 5G智能手机 骁龙865 6.1英寸 21：9 120Hz OLED屏 游戏支持 灰色【购机补贴版】,5999,SONY京东自营官方旗舰店,700+
962,索尼（SONY）,索尼（SONY）Xperia5 II 5G智能手机 骁龙865 6.1英寸 21：9 120Hz OLED屏 游戏支持 粉色【购机补贴版】,5999,SONY京东自营官方旗舰店,500+
963,Apple,Apple iPhone 12 (A2404) 256GB 白色 支持移动联通电信5G 双卡双待手机,7599,中国电信自营旗舰店,300+
964,苹果（Apple）,苹果（Apple）iPhone 12 mini (A2400) 256GB 红色 全网通5G手机,6799,联通京东自营旗舰店,5
965,苹果（Apple）,苹果（Apple）iPhone 12 mini (A2400) 128GB 绿色 全网通5G手机,5999,联通京东自营旗舰店,16
966,苹果（Apple）,苹果（Apple）iPhone 12 mini (A2400) 256GB 蓝色 全网通5G手机,6799,联通京东自营旗舰店,4
967,苹果（Apple）,苹果（Apple）iPhone 12 mini (A2400) 128GB 白色 全网通5G手机,5999,联通京东自营旗舰店,8
968,Apple,苹果（Apple）iPhone 12 mini (A2400) 64GB 蓝色 全网通5G手机,5499,联通京东自营旗舰店,6
969,苹果（Apple）,苹果（Apple）iPhone 12 Pro Max (A2412) 512GB 银色 全网通5G 双卡双待手机,11899,联通京东自营旗舰店,0
970,Apple,苹果（Apple）iPhone 12 mini (A2400) 64GB 黑色 全网通5G手机,5499,联通京东自营旗舰店,1
971,苹果（Apple）,苹果（Apple）iPhone 12 Pro Max (A2412) 512GB 石墨色 全网通5G 双卡双待手机,11899,联通京东自营旗舰店,0
972,苹果（Apple）,苹果（Apple）iPhone 12 Pro Max (A2412) 256GB 银色 全网通5G 双卡双待手机,10099,联通京东自营旗舰店,0
973,苹果（Apple）,苹果（Apple）iPhone 12 Pro Max (A2412) 256GB 石墨色 全网通5G 双卡双待手机,10099,联通京东自营旗舰店,1
974,苹果（Apple）,苹果（Apple）iPhone 12 Pro Max (A2412) 128GB 海蓝色 全网通5G 双卡双待手机,9299,联通京东自营旗舰店,6
975,Apple,苹果（Apple）iPhone 12 Pro Max (A2412) 256GB 金色 全网通5G 双卡双待手机,10099,联通京东自营旗舰店,3
976,苹果（Apple）,苹果（Apple）iPhone 12 Pro Max (A2412) 128GB 银色 全网通5G 双卡双待手机,9299,联通京东自营旗舰店,2
977,苹果（Apple）,苹果（Apple）iPhone 12 Pro (A2408) 512GB 银色 全网通5G 双卡双待手机,11099,联通京东自营旗舰店,0
978,苹果（Apple）,苹果（Apple）iPhone 12 Pro Max (A2412) 128GB 金色 全网通5G 双卡双待手机,9299,联通京东自营旗舰店,7
979,苹果（Apple）,苹果（Apple）iPhone 12 Pro (A2408) 256GB 金色 全网通5G 双卡双待手机,9299,联通京东自营旗舰店,11
980,苹果（Apple）,苹果（Apple）iPhone 12 Pro (A2408) 128GB 石墨色 全网通5G 双卡双待手机,8499,联通京东自营旗舰店,4
981,苹果（Apple）,苹果（Apple）iPhone 12 (A2404) 256GB 黑色 全网通5G 双卡双待手机,7599,联通京东自营旗舰店,11
982,苹果（Apple）,苹果（Apple）iPhone 12 (A2404) 128GB 蓝色 全网通5G 双卡双待手机,6799,联通京东自营旗舰店,15
983,苹果（Apple）,苹果（Apple）iPhone 12 Pro Max (A2412) 256GB 海蓝色 全网通5G 双卡双待手机,10099,联通京东自营旗舰店,11
984,苹果（Apple）,苹果（Apple）iPhone 12 Pro (A2408) 256GB 海蓝色 全网通5G 双卡双待手机,9299,联通京东自营旗舰店,2
985,苹果（Apple）,苹果（Apple）iPhone 12 Pro (A2408) 256GB 银色 全网通5G 双卡双待手机,9299,联通京东自营旗舰店,0
986,苹果（Apple）,苹果（Apple）iPhone 12 Pro (A2408) 128GB 金色 全网通5G 双卡双待手机,8499,联通京东自营旗舰店,0
987,苹果（Apple）,苹果（Apple）iPhone 12 (A2404) 128GB 白色 全网通5G 双卡双待手机,6799,联通京东自营旗舰店,3
988,Apple,苹果（Apple）iPhone 12 (A2404) 64GB 白色 全网通5G 双卡双待手机,6299,联通京东自营旗舰店,4
989,Apple,苹果（Apple）iPhone 12 Pro Max (A2412) 128GB 石墨色 全网通5G 双卡双待手机,9299,联通京东自营旗舰店,1
990,苹果（Apple）,苹果（Apple）iPhone 12 Pro (A2408) 512GB 海蓝色 全网通5G 双卡双待手机,11099,联通京东自营旗舰店,0
991,Apple,苹果（Apple）iPhone 12 (A2404) 256GB 绿色 全网通5G 双卡双待手机,7599,联通京东自营旗舰店,7
992,Apple,苹果（Apple）iPhone 12 (A2404) 256GB 白色 全网通5G 双卡双待手机,7599,联通京东自营旗舰店,1
993,苹果（Apple）,苹果（Apple）iPhone 12 (A2404) 64GB 黑色 全网通5G 双卡双待手机,6299,联通京东自营旗舰店,6
994,Apple,苹果（Apple）iPhone 12 (A2404) 64GB 绿色 全网通5G 双卡双待手机,6299,联通京东自营旗舰店,0
995,三星（SAMSUNG）,三星Galaxy Z Fold2 5G(SM-F9160)折叠屏 双模5G 骁龙865+ 120Hz自适应屏幕 12GB+512GB松烟墨【购机补贴版】,16999,三星京东自营官方旗舰店,4000+
996,三星（SAMSUNG）,三星Galaxy Z Fold2 5G(SM-F9160)折叠屏 双模5G 骁龙865+ 120Hz自适应屏幕 12GB+512GB迷雾金【购机补贴版】,16999,三星京东自营官方旗舰店,3000+
997,vivo,vivo iQOO Z1 5G 6GB+128GB 幻彩流星 天玑1000Plus旗舰芯片 144Hz竞速屏 44W超快闪充 双模5G全网通手机【购机补贴版】,2198,vivo京东自营官方旗舰店,2000+
998,vivo,"京品手机	
vivo iQOO Z1 8GB+128GB 太空蓝 天玑1000Plus旗舰芯片 144Hz竞速屏 44W超快闪充 双模5G全网通手机  iqooz1",2298,vivo京东自营官方旗舰店,5万+
999,vivo,"京品手机	
vivo iQOO Z1 5G 8GB+256GB 星河银 天玑1000Plus旗舰芯片 144Hz竞速屏 44W超快闪充 双模5G全网通手机【购机补贴版】",2598,vivo京东自营官方旗舰店,2万+
